[12:06:57.805] [INFO] [GameInstance:<Node#81369499505>:96] FRAME : 0 :  Checked the success of MyLogger existence ... 
[12:06:57.805] [INFO] [GameInstance:<Node#81369499505>:106] FRAME : 0 :  Instantiated ... 
[12:06:57.805] [INFO] [LevelManager:<Node#81453385589>:31] FRAME : 0 :  Checked the success of MyLogger existence ... 
[12:06:57.805] [INFO] [LevelManager:<Node#81453385589>:46] FRAME : 0 :  Instantiated ... 
[12:06:57.814] [INFO] [GameMode.gd:21] FRAME : 0 : MainLevel Instantiated ... 
[12:06:57.863] [INFO] [area3d.gd:7] FRAME : 0 : /root/MainLevel/World/WeaponArea Instantiated ... 
[12:06:57.866] [INFO] [weapon.gd:12] FRAME : 0 : /root/MainLevel/World/WeaponArea/WeaponAreaCollisionShape/AssaultRifle1 Instantiated ... AssaultRifle1:<Area3D#104857602245>
[12:06:57.868] [INFO] [nextlevel.gd:16] FRAME : 0 : /root/MainLevel/World/NextLevelArea Instantiated ... 
[12:06:57.868] [INFO] [hud.gd:3] FRAME : 0 : /root/MainLevel/HUD Instantiated ... 
[12:06:57.868] [INFO] [movement_mode_label3d.gd:4] FRAME : 0 : /root/MainLevel/HUD/MovementMode Instantiated ... 
[12:06:57.868] [INFO] [EventBus:<Node#80681633258>:182] FRAME : 0 :  : Listener : Label(movement_mode_label3d.gd)::on_MovementChanged exist in event Movement_Changed ? false
[12:06:57.868] [INFO] [EventBus:<Node#80681633258>:76] FRAME : 0 :  : Subscribed listener '{ "object_name": &"MovementMode", "method_name": &"on_MovementChanged" }' to event 'Movement_Changed'.
[12:06:57.868] [INFO] [direction_mode_label3d.gd:4] FRAME : 0 : /root/MainLevel/HUD/DirectionMode Instantiated ... 
[12:06:57.868] [INFO] [EventBus:<Node#80681633258>:182] FRAME : 0 :  : Listener : Label(direction_mode_label3d.gd)::on_MovementChanged exist in event Movement_Changed ? false
[12:06:57.868] [INFO] [EventBus:<Node#80681633258>:76] FRAME : 0 :  : Subscribed listener '{ "object_name": &"DirectionMode", "method_name": &"on_MovementChanged" }' to event 'Movement_Changed'.
[12:06:57.868] [INFO] [camera_mode_label3d.gd:4] FRAME : 0 : /root/MainLevel/HUD/CameraMode Instantiated ... 
[12:06:57.868] [INFO] [EventBus:<Node#80681633258>:182] FRAME : 0 :  : Listener : Label(camera_mode_label3d.gd)::on_cameraChanged exist in event CameraMode_Changed ? false
[12:06:57.868] [INFO] [EventBus:<Node#80681633258>:76] FRAME : 0 :  : Subscribed listener '{ "object_name": &"CameraMode", "method_name": &"on_cameraChanged" }' to event 'CameraMode_Changed'.
[12:06:57.868] [INFO] [graphic_profile.gd:4] FRAME : 0 : /root/MainLevel/HUD/GraphicProfile Instantiated ... 
[12:06:57.868] [INFO] [EventBus:<Node#80681633258>:182] FRAME : 0 :  : Listener : Label(graphic_profile.gd)::on_graphicProfileChanged exist in event GraphicProfile_Changed ? false
[12:06:57.868] [INFO] [EventBus:<Node#80681633258>:76] FRAME : 0 :  : Subscribed listener '{ "object_name": &"GraphicProfile", "method_name": &"on_graphicProfileChanged" }' to event 'GraphicProfile_Changed'.
[12:06:57.869] [INFO] [hour.gd:4] FRAME : 0 : /root/MainLevel/HUD/Hour Instantiated ... 
[12:06:57.869] [INFO] [EventBus:<Node#80681633258>:182] FRAME : 0 :  : Listener : Label(hour.gd)::_showHour exist in event Time_TicToc ? false
[12:06:57.869] [INFO] [EventBus:<Node#80681633258>:76] FRAME : 0 :  : Subscribed listener '{ "object_name": &"Hour", "method_name": &"_showHour" }' to event 'Time_TicToc'.
[12:06:57.869] [INFO] [count.gd:4] FRAME : 0 : /root/MainLevel/HUD/Count Instantiated ... 
[12:06:57.869] [INFO] [EventBus:<Node#80681633258>:182] FRAME : 0 :  : Listener : Label(count.gd)::_showCount exist in event Time_TicToc ? false
[12:06:57.869] [INFO] [EventBus:<Node#80681633258>:76] FRAME : 0 :  : Subscribed listener '{ "object_name": &"Count", "method_name": &"_showCount" }' to event 'Time_TicToc'.
[12:06:57.869] [INFO] [world_environment.gd:13] FRAME : 0 : /root/MainLevel/WorldEnvironment Instantiated ... 
[12:06:57.869] [INFO] [EventBus:<Node#80681633258>:55] FRAME : 0 :  Ready ... 
[12:06:57.871] [INFO] [GameInstance:<Node#81369499505>:116] FRAME : 0 :  Character brian loaded in memory ... 
[12:06:57.887] [INFO] [GameInstance:<Node#81369499505>:118] FRAME : 0 :  Character man loaded in memory ... 
[12:06:57.888] [INFO] [GameInstance:<Node#81369499505>:120] FRAME : 0 :  Character manequin1 loaded in memory ... 
[12:06:57.889] [INFO] [GameInstance:<Node#81369499505>:122] FRAME : 0 :  Character manequin2 loaded in memory ... 
[12:06:57.890] [INFO] [GameInstance:<Node#81369499505>:124] FRAME : 0 :  Character remi loaded in memory ... 
[12:06:57.890] [INFO] [GameInstance:<Node#81369499505>:147] FRAME : 0 : ["EventBus", "LevelManager"]  available ... 
[12:06:57.892] [INFO] [GameInstance:<Node#81369499505>:157] FRAME : 0 :  Ready ... 
[12:06:57.892] [INFO] [LevelManager:<Node#81453385589>:75] FRAME : 0 : ["GameInstance", "EventBus"]  available ... 
[12:06:57.906] [INFO] [weapon.gd:14] FRAME : 0 : /root/MainLevel/World/WeaponArea/WeaponAreaCollisionShape/AssaultRifle1 Ready ... 
[12:06:57.906] [INFO] [area3d.gd:10] FRAME : 0 : /root/MainLevel/World/WeaponArea Ready ... WeaponArea:<Area3D#104824047811>
[12:06:57.906] [INFO] [nextlevel.gd:17] FRAME : 0 : /root/MainLevel/World/NextLevelArea Ready ... 
[12:06:57.906] [INFO] [movement_mode_label3d.gd:8] FRAME : 0 : /root/MainLevel/HUD/MovementMode Ready ... 
[12:06:57.906] [INFO] [direction_mode_label3d.gd:8] FRAME : 0 : /root/MainLevel/HUD/DirectionMode Ready ... 
[12:06:57.906] [INFO] [camera_mode_label3d.gd:8] FRAME : 0 : /root/MainLevel/HUD/CameraMode Ready ... 
[12:06:57.906] [INFO] [graphic_profile.gd:8] FRAME : 0 : /root/MainLevel/HUD/GraphicProfile Ready ... 
[12:06:57.907] [INFO] [hour.gd:7] FRAME : 0 : /root/MainLevel/HUD/Hour Ready ... 
[12:06:57.907] [INFO] [count.gd:7] FRAME : 0 : /root/MainLevel/HUD/Count Ready ... 
[12:06:57.907] [INFO] [hud.gd:4] FRAME : 0 : /root/MainLevel/HUD Ready ... 
[12:06:58.197] [INFO] [ConfigRender.gd:158] FRAME : 0 : [ViewPort] Integrated or low VRAM 
[12:06:58.198] [INFO] [GameMode.gd:46] FRAME : 0 :  Setting Character ... 
[12:06:58.198] [INFO] [GameMode.gd:88] FRAME : 0 : Character assigned from preloaded prefabs: manequin2
[12:06:58.199] [INFO] [characters_controller.gd:22]  CharacterController instantiated manequin2 ...
[12:06:58.199] [INFO] [animations_controller.gd:10]  AnimationController instantiated AnimationTree ...
[12:06:58.199] [INFO] [animations_controller.gd:9]  AnimationController Ready AnimationTree ...
[12:06:58.200] [INFO] [characters_controller.gd:28]  CharacterController Ready manequin2 ...
[12:06:58.200] [INFO] [EventBus:<Node#80681633258>:103] FRAME : 0 :  : Emitting event : ( Movement_Changed ) CharacterBody3D(Manequin2Controller)::_ready
[12:06:58.200] [INFO] [EventBus:<Node#80681633258>:162] FRAME : 0 :  : Executing handler method : { "event": "Movement_Changed", "sender_obj": &"manequin2", "sender_path": "/root/MainLevel/manequin2", "sender_method": &"_ready", "listener_obj": &"MovementMode", "listener_path": "/root/MainLevel/HUD/MovementMode", "listener_method": &"on_MovementChanged", "args": ["Idle", ""], "time": "10:06:58", "date": "2026-08-02", "frame": 0, "ticks_msec": 3422, "frame_delta_ms": 0.0, "fps": 0.0 }
[12:06:58.200] [INFO] [EventBus:<Node#80681633258>:162] FRAME : 0 :  : Executing handler method : { "event": "Movement_Changed", "sender_obj": &"manequin2", "sender_path": "/root/MainLevel/manequin2", "sender_method": &"_ready", "listener_obj": &"DirectionMode", "listener_path": "/root/MainLevel/HUD/DirectionMode", "listener_method": &"on_MovementChanged", "args": ["Idle", ""], "time": "10:06:58", "date": "2026-08-02", "frame": 0, "ticks_msec": 3422, "frame_delta_ms": 0.0, "fps": 0.0 }
[12:06:58.200] [INFO] [EventBus:<Node#80681633258>:103] FRAME : 0 :  : Emitting event : ( CameraMode_Changed ) CharacterBody3D(Manequin2Controller)::_ready
[12:06:58.200] [INFO] [EventBus:<Node#80681633258>:162] FRAME : 0 :  : Executing handler method : { "event": "CameraMode_Changed", "sender_obj": &"manequin2", "sender_path": "/root/MainLevel/manequin2", "sender_method": &"_ready", "listener_obj": &"CameraMode", "listener_path": "/root/MainLevel/HUD/CameraMode", "listener_method": &"on_cameraChanged", "args": "FULL", "time": "10:06:58", "date": "2026-08-02", "frame": 0, "ticks_msec": 3422, "frame_delta_ms": 0.0, "fps": 0.0 }
[12:06:58.200] [INFO] [GameMode.gd:94] FRAME : 0 : manequin2:<CharacterBody3D#107692951856> Added to the scene ... 
[12:06:58.200] [INFO] [GameInstance:<Node#81369499505>:164] FRAME : 0 : GameInstance Global timer started
[12:06:58.200] [INFO] [GameMode.gd:54] FRAME : 0 :  Emitting TicToc event from GameMode ... 
[12:06:58.200] [INFO] [GameInstance:<Node#81369499505>:170] FRAME : 0 : Emiting GameInstance Global timer event
[12:06:58.200] [INFO] [EventBus:<Node#80681633258>:103] FRAME : 0 :  : Emitting event : ( Time_TicToc ) Node(GameInstance.gd)::_on_timer_timeout
[12:06:58.200] [INFO] [EventBus:<Node#80681633258>:162] FRAME : 0 :  : Executing handler method : { "event": "Time_TicToc", "sender_obj": &"GameInstance", "sender_path": "/root/GameInstance", "sender_method": &"_on_timer_timeout", "listener_obj": &"Hour", "listener_path": "/root/MainLevel/HUD/Hour", "listener_method": &"_showHour", "args": 0, "time": "10:06:58", "date": "2026-08-02", "frame": 0, "ticks_msec": 3422, "frame_delta_ms": 0.0, "fps": 0.0 }
[12:06:58.200] [INFO] [EventBus:<Node#80681633258>:162] FRAME : 0 :  : Executing handler method : { "event": "Time_TicToc", "sender_obj": &"GameInstance", "sender_path": "/root/GameInstance", "sender_method": &"_on_timer_timeout", "listener_obj": &"Count", "listener_path": "/root/MainLevel/HUD/Count", "listener_method": &"_showCount", "args": 0, "time": "10:06:58", "date": "2026-08-02", "frame": 0, "ticks_msec": 3423, "frame_delta_ms": 0.0, "fps": 0.0 }
[12:06:58.200] [INFO] [GameMode.gd:57] FRAME : 0 : MainLevel Ready ... 
[12:06:58.208] [INFO] [EventBus:<Node#80681633258>:103] FRAME : 0 :  : Emitting event : ( Movement_Changed ) AnimationTree(Manequin2AnimationsController)::_on_character_movement_component_movementStateChanged
[12:06:58.208] [INFO] [EventBus:<Node#80681633258>:162] FRAME : 0 :  : Executing handler method : { "event": "Movement_Changed", "sender_obj": &"AnimationTree", "sender_path": "/root/MainLevel/manequin2/AnimationTree", "sender_method": &"_on_character_movement_component_movementStateChanged", "listener_obj": &"MovementMode", "listener_path": "/root/MainLevel/HUD/MovementMode", "listener_method": &"on_MovementChanged", "args": ["Falling", ""], "time": "10:06:58", "date": "2026-08-02", "frame": 0, "ticks_msec": 3431, "frame_delta_ms": 0.0, "fps": 0.0 }
[12:06:58.208] [INFO] [EventBus:<Node#80681633258>:162] FRAME : 0 :  : Executing handler method : { "event": "Movement_Changed", "sender_obj": &"AnimationTree", "sender_path": "/root/MainLevel/manequin2/AnimationTree", "sender_method": &"_on_character_movement_component_movementStateChanged", "listener_obj": &"DirectionMode", "listener_path": "/root/MainLevel/HUD/DirectionMode", "listener_method": &"on_MovementChanged", "args": ["Falling", ""], "time": "10:06:58", "date": "2026-08-02", "frame": 0, "ticks_msec": 3431, "frame_delta_ms": 0.0, "fps": 0.0 }
[12:06:58.228] [INFO] [ConfigRender.gd:268] FRAME : 0 : [Render] Integrated or low VRAM. SDFGI: OFF 
[12:06:58.228] [INFO] [EventBus:<Node#80681633258>:103] FRAME : 0 :  : Emitting event : ( GraphicProfile_Changed ) WorldEnvironment(world_environment.gd)::_configure_local_environment
[12:06:58.228] [INFO] [EventBus:<Node#80681633258>:162] FRAME : 0 :  : Executing handler method : { "event": "GraphicProfile_Changed", "sender_obj": &"WorldEnvironment", "sender_path": "/root/MainLevel/WorldEnvironment", "sender_method": &"_configure_local_environment", "listener_obj": &"GraphicProfile", "listener_path": "/root/MainLevel/HUD/GraphicProfile", "listener_method": &"on_graphicProfileChanged", "args": "LOW", "time": "10:06:58", "date": "2026-08-02", "frame": 0, "ticks_msec": 3450, "frame_delta_ms": 147.45, "fps": 6.8 }
[12:06:58.228] [INFO] [world_environment.gd:88] FRAME : 0 : /root/MainLevel/WorldEnvironment Ready ... 
[12:06:58.228] [INFO] [LevelManager:<Node#81453385589>:110] FRAME : 0 :  Set the First Level Loaded as MainLevel:<Node3D#102944999287>
[12:06:58.228] [INFO] [LevelManager:<Node#81453385589>:112] FRAME : 0 :  Unhandled Input enabled MainLevel:<Node3D#102944999287>
[12:06:58.228] [INFO] [LevelManager:<Node#81453385589>:80] FRAME : 0 :  Ready ... 
[12:06:58.762] [INFO] [EventBus:<Node#80681633258>:103] FRAME : 32 :  : Emitting event : ( Movement_Changed ) AnimationTree(Manequin2AnimationsController)::_on_character_movement_component_movementStateChanged
[12:06:58.762] [INFO] [EventBus:<Node#80681633258>:162] FRAME : 32 :  : Executing handler method : { "event": "Movement_Changed", "sender_obj": &"AnimationTree", "sender_path": "/root/MainLevel/manequin2/AnimationTree", "sender_method": &"_on_character_movement_component_movementStateChanged", "listener_obj": &"MovementMode", "listener_path": "/root/MainLevel/HUD/MovementMode", "listener_method": &"on_MovementChanged", "args": ["", "None"], "time": "10:06:58", "date": "2026-08-02", "frame": 32, "ticks_msec": 3984, "frame_delta_ms": 8.33, "fps": 120.0 }
[12:06:58.762] [INFO] [EventBus:<Node#80681633258>:162] FRAME : 32 :  : Executing handler method : { "event": "Movement_Changed", "sender_obj": &"AnimationTree", "sender_path": "/root/MainLevel/manequin2/AnimationTree", "sender_method": &"_on_character_movement_component_movementStateChanged", "listener_obj": &"DirectionMode", "listener_path": "/root/MainLevel/HUD/DirectionMode", "listener_method": &"on_MovementChanged", "args": ["", "None"], "time": "10:06:58", "date": "2026-08-02", "frame": 32, "ticks_msec": 3984, "frame_delta_ms": 8.33, "fps": 120.0 }
[12:06:58.762] [INFO] [EventBus:<Node#80681633258>:103] FRAME : 32 :  : Emitting event : ( Movement_Changed ) AnimationTree(Manequin2AnimationsController)::_on_character_movement_component_movementStateChanged
[12:06:58.762] [INFO] [EventBus:<Node#80681633258>:162] FRAME : 32 :  : Executing handler method : { "event": "Movement_Changed", "sender_obj": &"AnimationTree", "sender_path": "/root/MainLevel/manequin2/AnimationTree", "sender_method": &"_on_character_movement_component_movementStateChanged", "listener_obj": &"MovementMode", "listener_path": "/root/MainLevel/HUD/MovementMode", "listener_method": &"on_MovementChanged", "args": ["Idle", ""], "time": "10:06:58", "date": "2026-08-02", "frame": 32, "ticks_msec": 3985, "frame_delta_ms": 8.33, "fps": 120.0 }
[12:06:58.763] [INFO] [EventBus:<Node#80681633258>:162] FRAME : 32 :  : Executing handler method : { "event": "Movement_Changed", "sender_obj": &"AnimationTree", "sender_path": "/root/MainLevel/manequin2/AnimationTree", "sender_method": &"_on_character_movement_component_movementStateChanged", "listener_obj": &"DirectionMode", "listener_path": "/root/MainLevel/HUD/DirectionMode", "listener_method": &"on_MovementChanged", "args": ["Idle", ""], "time": "10:06:58", "date": "2026-08-02", "frame": 32, "ticks_msec": 3985, "frame_delta_ms": 8.33, "fps": 120.0 }
[12:06:59.067] [INFO] [GameInstance:<Node#81369499505>:170] FRAME : 68 : Emiting GameInstance Global timer event
[12:06:59.067] [INFO] [EventBus:<Node#80681633258>:103] FRAME : 68 :  : Emitting event : ( Time_TicToc ) Node(GameInstance.gd)::_on_timer_timeout
[12:06:59.067] [INFO] [EventBus:<Node#80681633258>:162] FRAME : 68 :  : Executing handler method : { "event": "Time_TicToc", "sender_obj": &"GameInstance", "sender_path": "/root/GameInstance", "sender_method": &"_on_timer_timeout", "listener_obj": &"Hour", "listener_path": "/root/MainLevel/HUD/Hour", "listener_method": &"_showHour", "args": 1, "time": "10:06:59", "date": "2026-08-02", "frame": 68, "ticks_msec": 4289, "frame_delta_ms": 8.33, "fps": 120.0 }
[12:06:59.067] [INFO] [EventBus:<Node#80681633258>:162] FRAME : 68 :  : Executing handler method : { "event": "Time_TicToc", "sender_obj": &"GameInstance", "sender_path": "/root/GameInstance", "sender_method": &"_on_timer_timeout", "listener_obj": &"Count", "listener_path": "/root/MainLevel/HUD/Count", "listener_method": &"_showCount", "args": 1, "time": "10:06:59", "date": "2026-08-02", "frame": 68, "ticks_msec": 4289, "frame_delta_ms": 8.33, "fps": 120.0 }
[12:06:59.761] [INFO] [EventBus:<Node#80681633258>:103] FRAME : 150 :  : Emitting event : ( Movement_Changed ) AnimationTree(Manequin2AnimationsController)::_on_character_movement_component_movementStateChanged
[12:06:59.761] [INFO] [EventBus:<Node#80681633258>:162] FRAME : 150 :  : Executing handler method : { "event": "Movement_Changed", "sender_obj": &"AnimationTree", "sender_path": "/root/MainLevel/manequin2/AnimationTree", "sender_method": &"_on_character_movement_component_movementStateChanged", "listener_obj": &"MovementMode", "listener_path": "/root/MainLevel/HUD/MovementMode", "listener_method": &"on_MovementChanged", "args": ["", "Forward"], "time": "10:06:59", "date": "2026-08-02", "frame": 150, "ticks_msec": 4983, "frame_delta_ms": 8.92, "fps": 112.1 }
[12:06:59.761] [INFO] [EventBus:<Node#80681633258>:162] FRAME : 150 :  : Executing handler method : { "event": "Movement_Changed", "sender_obj": &"AnimationTree", "sender_path": "/root/MainLevel/manequin2/AnimationTree", "sender_method": &"_on_character_movement_component_movementStateChanged", "listener_obj": &"DirectionMode", "listener_path": "/root/MainLevel/HUD/DirectionMode", "listener_method": &"on_MovementChanged", "args": ["", "Forward"], "time": "10:06:59", "date": "2026-08-02", "frame": 150, "ticks_msec": 4984, "frame_delta_ms": 8.92, "fps": 112.1 }
[12:06:59.761] [INFO] [EventBus:<Node#80681633258>:103] FRAME : 150 :  : Emitting event : ( Movement_Changed ) AnimationTree(Manequin2AnimationsController)::_on_character_movement_component_movementStateChanged
[12:06:59.762] [INFO] [EventBus:<Node#80681633258>:162] FRAME : 150 :  : Executing handler method : { "event": "Movement_Changed", "sender_obj": &"AnimationTree", "sender_path": "/root/MainLevel/manequin2/AnimationTree", "sender_method": &"_on_character_movement_component_movementStateChanged", "listener_obj": &"MovementMode", "listener_path": "/root/MainLevel/HUD/MovementMode", "listener_method": &"on_MovementChanged", "args": ["Runing", ""], "time": "10:06:59", "date": "2026-08-02", "frame": 150, "ticks_msec": 4984, "frame_delta_ms": 8.92, "fps": 112.1 }
[12:06:59.762] [INFO] [EventBus:<Node#80681633258>:162] FRAME : 150 :  : Executing handler method : { "event": "Movement_Changed", "sender_obj": &"AnimationTree", "sender_path": "/root/MainLevel/manequin2/AnimationTree", "sender_method": &"_on_character_movement_component_movementStateChanged", "listener_obj": &"DirectionMode", "listener_path": "/root/MainLevel/HUD/DirectionMode", "listener_method": &"on_MovementChanged", "args": ["Runing", ""], "time": "10:06:59", "date": "2026-08-02", "frame": 150, "ticks_msec": 4984, "frame_delta_ms": 8.92, "fps": 112.1 }
[12:07:00.068] [INFO] [GameInstance:<Node#81369499505>:170] FRAME : 186 : Emiting GameInstance Global timer event
[12:07:00.068] [INFO] [EventBus:<Node#80681633258>:103] FRAME : 186 :  : Emitting event : ( Time_TicToc ) Node(GameInstance.gd)::_on_timer_timeout
[12:07:00.069] [INFO] [EventBus:<Node#80681633258>:162] FRAME : 186 :  : Executing handler method : { "event": "Time_TicToc", "sender_obj": &"GameInstance", "sender_path": "/root/GameInstance", "sender_method": &"_on_timer_timeout", "listener_obj": &"Hour", "listener_path": "/root/MainLevel/HUD/Hour", "listener_method": &"_showHour", "args": 2, "time": "10:07:00", "date": "2026-08-02", "frame": 186, "ticks_msec": 5291, "frame_delta_ms": 8.46, "fps": 118.2 }
[12:07:00.069] [INFO] [EventBus:<Node#80681633258>:162] FRAME : 186 :  : Executing handler method : { "event": "Time_TicToc", "sender_obj": &"GameInstance", "sender_path": "/root/GameInstance", "sender_method": &"_on_timer_timeout", "listener_obj": &"Count", "listener_path": "/root/MainLevel/HUD/Count", "listener_method": &"_showCount", "args": 2, "time": "10:07:00", "date": "2026-08-02", "frame": 186, "ticks_msec": 5291, "frame_delta_ms": 8.46, "fps": 118.2 }
[12:07:01.066] [INFO] [GameInstance:<Node#81369499505>:170] FRAME : 301 : Emiting GameInstance Global timer event
[12:07:01.066] [INFO] [EventBus:<Node#80681633258>:103] FRAME : 301 :  : Emitting event : ( Time_TicToc ) Node(GameInstance.gd)::_on_timer_timeout
[12:07:01.066] [INFO] [EventBus:<Node#80681633258>:162] FRAME : 301 :  : Executing handler method : { "event": "Time_TicToc", "sender_obj": &"GameInstance", "sender_path": "/root/GameInstance", "sender_method": &"_on_timer_timeout", "listener_obj": &"Hour", "listener_path": "/root/MainLevel/HUD/Hour", "listener_method": &"_showHour", "args": 3, "time": "10:07:01", "date": "2026-08-02", "frame": 301, "ticks_msec": 6289, "frame_delta_ms": 9.09, "fps": 110.0 }
[12:07:01.067] [INFO] [EventBus:<Node#80681633258>:162] FRAME : 301 :  : Executing handler method : { "event": "Time_TicToc", "sender_obj": &"GameInstance", "sender_path": "/root/GameInstance", "sender_method": &"_on_timer_timeout", "listener_obj": &"Count", "listener_path": "/root/MainLevel/HUD/Count", "listener_method": &"_showCount", "args": 3, "time": "10:07:01", "date": "2026-08-02", "frame": 301, "ticks_msec": 6289, "frame_delta_ms": 9.09, "fps": 110.0 }
[12:07:02.066] [INFO] [GameInstance:<Node#81369499505>:170] FRAME : 413 : Emiting GameInstance Global timer event
[12:07:02.066] [INFO] [EventBus:<Node#80681633258>:103] FRAME : 413 :  : Emitting event : ( Time_TicToc ) Node(GameInstance.gd)::_on_timer_timeout
[12:07:02.066] [INFO] [EventBus:<Node#80681633258>:162] FRAME : 413 :  : Executing handler method : { "event": "Time_TicToc", "sender_obj": &"GameInstance", "sender_path": "/root/GameInstance", "sender_method": &"_on_timer_timeout", "listener_obj": &"Hour", "listener_path": "/root/MainLevel/HUD/Hour", "listener_method": &"_showHour", "args": 4, "time": "10:07:02", "date": "2026-08-02", "frame": 413, "ticks_msec": 7288, "frame_delta_ms": 9.09, "fps": 110.0 }
[12:07:02.066] [INFO] [EventBus:<Node#80681633258>:162] FRAME : 413 :  : Executing handler method : { "event": "Time_TicToc", "sender_obj": &"GameInstance", "sender_path": "/root/GameInstance", "sender_method": &"_on_timer_timeout", "listener_obj": &"Count", "listener_path": "/root/MainLevel/HUD/Count", "listener_method": &"_showCount", "args": 4, "time": "10:07:02", "date": "2026-08-02", "frame": 413, "ticks_msec": 7289, "frame_delta_ms": 9.09, "fps": 110.0 }
[12:07:03.061] [INFO] [GameInstance:<Node#81369499505>:170] FRAME : 528 : Emiting GameInstance Global timer event
[12:07:03.061] [INFO] [EventBus:<Node#80681633258>:103] FRAME : 528 :  : Emitting event : ( Time_TicToc ) Node(GameInstance.gd)::_on_timer_timeout
[12:07:03.061] [INFO] [EventBus:<Node#80681633258>:162] FRAME : 528 :  : Executing handler method : { "event": "Time_TicToc", "sender_obj": &"GameInstance", "sender_path": "/root/GameInstance", "sender_method": &"_on_timer_timeout", "listener_obj": &"Hour", "listener_path": "/root/MainLevel/HUD/Hour", "listener_method": &"_showHour", "args": 5, "time": "10:07:03", "date": "2026-08-02", "frame": 528, "ticks_msec": 8284, "frame_delta_ms": 8.68, "fps": 115.2 }
[12:07:03.061] [INFO] [EventBus:<Node#80681633258>:162] FRAME : 528 :  : Executing handler method : { "event": "Time_TicToc", "sender_obj": &"GameInstance", "sender_path": "/root/GameInstance", "sender_method": &"_on_timer_timeout", "listener_obj": &"Count", "listener_path": "/root/MainLevel/HUD/Count", "listener_method": &"_showCount", "args": 5, "time": "10:07:03", "date": "2026-08-02", "frame": 528, "ticks_msec": 8284, "frame_delta_ms": 8.68, "fps": 115.2 }
[12:07:04.064] [INFO] [GameInstance:<Node#81369499505>:170] FRAME : 643 : Emiting GameInstance Global timer event
[12:07:04.064] [INFO] [EventBus:<Node#80681633258>:103] FRAME : 643 :  : Emitting event : ( Time_TicToc ) Node(GameInstance.gd)::_on_timer_timeout
[12:07:04.064] [INFO] [EventBus:<Node#80681633258>:162] FRAME : 643 :  : Executing handler method : { "event": "Time_TicToc", "sender_obj": &"GameInstance", "sender_path": "/root/GameInstance", "sender_method": &"_on_timer_timeout", "listener_obj": &"Hour", "listener_path": "/root/MainLevel/HUD/Hour", "listener_method": &"_showHour", "args": 6, "time": "10:07:04", "date": "2026-08-02", "frame": 643, "ticks_msec": 9286, "frame_delta_ms": 9.09, "fps": 110.0 }
[12:07:04.064] [INFO] [EventBus:<Node#80681633258>:162] FRAME : 643 :  : Executing handler method : { "event": "Time_TicToc", "sender_obj": &"GameInstance", "sender_path": "/root/GameInstance", "sender_method": &"_on_timer_timeout", "listener_obj": &"Count", "listener_path": "/root/MainLevel/HUD/Count", "listener_method": &"_showCount", "args": 6, "time": "10:07:04", "date": "2026-08-02", "frame": 643, "ticks_msec": 9286, "frame_delta_ms": 9.09, "fps": 110.0 }
[12:07:05.064] [INFO] [GameInstance:<Node#81369499505>:170] FRAME : 758 : Emiting GameInstance Global timer event
[12:07:05.064] [INFO] [EventBus:<Node#80681633258>:103] FRAME : 758 :  : Emitting event : ( Time_TicToc ) Node(GameInstance.gd)::_on_timer_timeout
[12:07:05.064] [INFO] [EventBus:<Node#80681633258>:162] FRAME : 758 :  : Executing handler method : { "event": "Time_TicToc", "sender_obj": &"GameInstance", "sender_path": "/root/GameInstance", "sender_method": &"_on_timer_timeout", "listener_obj": &"Hour", "listener_path": "/root/MainLevel/HUD/Hour", "listener_method": &"_showHour", "args": 7, "time": "10:07:05", "date": "2026-08-02", "frame": 758, "ticks_msec": 10286, "frame_delta_ms": 8.84, "fps": 113.1 }
[12:07:05.064] [INFO] [EventBus:<Node#80681633258>:162] FRAME : 758 :  : Executing handler method : { "event": "Time_TicToc", "sender_obj": &"GameInstance", "sender_path": "/root/GameInstance", "sender_method": &"_on_timer_timeout", "listener_obj": &"Count", "listener_path": "/root/MainLevel/HUD/Count", "listener_method": &"_showCount", "args": 7, "time": "10:07:05", "date": "2026-08-02", "frame": 758, "ticks_msec": 10286, "frame_delta_ms": 8.84, "fps": 113.1 }
[12:07:06.065] [INFO] [GameInstance:<Node#81369499505>:170] FRAME : 873 : Emiting GameInstance Global timer event
[12:07:06.065] [INFO] [EventBus:<Node#80681633258>:103] FRAME : 873 :  : Emitting event : ( Time_TicToc ) Node(GameInstance.gd)::_on_timer_timeout
[12:07:06.065] [INFO] [EventBus:<Node#80681633258>:162] FRAME : 873 :  : Executing handler method : { "event": "Time_TicToc", "sender_obj": &"GameInstance", "sender_path": "/root/GameInstance", "sender_method": &"_on_timer_timeout", "listener_obj": &"Hour", "listener_path": "/root/MainLevel/HUD/Hour", "listener_method": &"_showHour", "args": 8, "time": "10:07:06", "date": "2026-08-02", "frame": 873, "ticks_msec": 11288, "frame_delta_ms": 9.09, "fps": 110.0 }
[12:07:06.065] [INFO] [EventBus:<Node#80681633258>:162] FRAME : 873 :  : Executing handler method : { "event": "Time_TicToc", "sender_obj": &"GameInstance", "sender_path": "/root/GameInstance", "sender_method": &"_on_timer_timeout", "listener_obj": &"Count", "listener_path": "/root/MainLevel/HUD/Count", "listener_method": &"_showCount", "args": 8, "time": "10:07:06", "date": "2026-08-02", "frame": 873, "ticks_msec": 11288, "frame_delta_ms": 9.09, "fps": 110.0 }
[12:07:06.665] [INFO] [EventBus:<Node#80681633258>:103] FRAME : 943 :  : Emitting event : ( Movement_Changed ) Area3D(area3d.gd)::_on_body_entered
[12:07:06.665] [INFO] [EventBus:<Node#80681633258>:162] FRAME : 943 :  : Executing handler method : { "event": "Movement_Changed", "sender_obj": &"WeaponArea", "sender_path": "/root/MainLevel/World/WeaponArea", "sender_method": &"_on_body_entered", "listener_obj": &"MovementMode", "listener_path": "/root/MainLevel/HUD/MovementMode", "listener_method": &"on_MovementChanged", "args": ["Runing", ""], "time": "10:07:06", "date": "2026-08-02", "frame": 943, "ticks_msec": 11887, "frame_delta_ms": 8.35, "fps": 119.8 }
[12:07:06.665] [INFO] [EventBus:<Node#80681633258>:162] FRAME : 943 :  : Executing handler method : { "event": "Movement_Changed", "sender_obj": &"WeaponArea", "sender_path": "/root/MainLevel/World/WeaponArea", "sender_method": &"_on_body_entered", "listener_obj": &"DirectionMode", "listener_path": "/root/MainLevel/HUD/DirectionMode", "listener_method": &"on_MovementChanged", "args": ["Runing", ""], "time": "10:07:06", "date": "2026-08-02", "frame": 943, "ticks_msec": 11887, "frame_delta_ms": 8.35, "fps": 119.8 }
[12:07:06.665] [INFO] [weapon.gd:12] FRAME : 943 : /root/MainLevel/manequin2/Armature/Skeleton3D/Bone/AssaultRifle1 Instantiated ... AssaultRifle1:<Area3D#104857602245>
[12:07:06.665] [INFO] [EventBus:<Node#80681633258>:103] FRAME : 943 :  : Emitting event : ( Movement_Changed ) AnimationTree(Manequin2AnimationsController)::_on_character_movement_component_movementStateChanged
[12:07:06.665] [INFO] [EventBus:<Node#80681633258>:162] FRAME : 943 :  : Executing handler method : { "event": "Movement_Changed", "sender_obj": &"AnimationTree", "sender_path": "/root/MainLevel/manequin2/AnimationTree", "sender_method": &"_on_character_movement_component_movementStateChanged", "listener_obj": &"MovementMode", "listener_path": "/root/MainLevel/HUD/MovementMode", "listener_method": &"on_MovementChanged", "args": ["Runing", ""], "time": "10:07:06", "date": "2026-08-02", "frame": 943, "ticks_msec": 11888, "frame_delta_ms": 8.35, "fps": 119.8 }
[12:07:06.665] [INFO] [EventBus:<Node#80681633258>:162] FRAME : 943 :  : Executing handler method : { "event": "Movement_Changed", "sender_obj": &"AnimationTree", "sender_path": "/root/MainLevel/manequin2/AnimationTree", "sender_method": &"_on_character_movement_component_movementStateChanged", "listener_obj": &"DirectionMode", "listener_path": "/root/MainLevel/HUD/DirectionMode", "listener_method": &"on_MovementChanged", "args": ["Runing", ""], "time": "10:07:06", "date": "2026-08-02", "frame": 943, "ticks_msec": 11888, "frame_delta_ms": 8.35, "fps": 119.8 }
[12:07:07.060] [INFO] [GameInstance:<Node#81369499505>:170] FRAME : 989 : Emiting GameInstance Global timer event
[12:07:07.060] [INFO] [EventBus:<Node#80681633258>:103] FRAME : 989 :  : Emitting event : ( Time_TicToc ) Node(GameInstance.gd)::_on_timer_timeout
[12:07:07.060] [INFO] [EventBus:<Node#80681633258>:162] FRAME : 989 :  : Executing handler method : { "event": "Time_TicToc", "sender_obj": &"GameInstance", "sender_path": "/root/GameInstance", "sender_method": &"_on_timer_timeout", "listener_obj": &"Hour", "listener_path": "/root/MainLevel/HUD/Hour", "listener_method": &"_showHour", "args": 9, "time": "10:07:07", "date": "2026-08-02", "frame": 989, "ticks_msec": 12283, "frame_delta_ms": 8.33, "fps": 120.0 }
[12:07:07.061] [INFO] [EventBus:<Node#80681633258>:162] FRAME : 989 :  : Executing handler method : { "event": "Time_TicToc", "sender_obj": &"GameInstance", "sender_path": "/root/GameInstance", "sender_method": &"_on_timer_timeout", "listener_obj": &"Count", "listener_path": "/root/MainLevel/HUD/Count", "listener_method": &"_showCount", "args": 9, "time": "10:07:07", "date": "2026-08-02", "frame": 989, "ticks_msec": 12283, "frame_delta_ms": 8.33, "fps": 120.0 }
[12:07:08.065] [INFO] [GameInstance:<Node#81369499505>:170] FRAME : 1106 : Emiting GameInstance Global timer event
[12:07:08.066] [INFO] [EventBus:<Node#80681633258>:103] FRAME : 1106 :  : Emitting event : ( Time_TicToc ) Node(GameInstance.gd)::_on_timer_timeout
[12:07:08.066] [INFO] [EventBus:<Node#80681633258>:162] FRAME : 1106 :  : Executing handler method : { "event": "Time_TicToc", "sender_obj": &"GameInstance", "sender_path": "/root/GameInstance", "sender_method": &"_on_timer_timeout", "listener_obj": &"Hour", "listener_path": "/root/MainLevel/HUD/Hour", "listener_method": &"_showHour", "args": 10, "time": "10:07:08", "date": "2026-08-02", "frame": 1106, "ticks_msec": 13288, "frame_delta_ms": 8.33, "fps": 120.0 }
[12:07:08.066] [INFO] [EventBus:<Node#80681633258>:162] FRAME : 1106 :  : Executing handler method : { "event": "Time_TicToc", "sender_obj": &"GameInstance", "sender_path": "/root/GameInstance", "sender_method": &"_on_timer_timeout", "listener_obj": &"Count", "listener_path": "/root/MainLevel/HUD/Count", "listener_method": &"_showCount", "args": 10, "time": "10:07:08", "date": "2026-08-02", "frame": 1106, "ticks_msec": 13288, "frame_delta_ms": 8.33, "fps": 120.0 }
[12:07:09.069] [INFO] [GameInstance:<Node#81369499505>:170] FRAME : 1223 : Emiting GameInstance Global timer event
[12:07:09.069] [INFO] [EventBus:<Node#80681633258>:103] FRAME : 1223 :  : Emitting event : ( Time_TicToc ) Node(GameInstance.gd)::_on_timer_timeout
[12:07:09.070] [INFO] [EventBus:<Node#80681633258>:162] FRAME : 1223 :  : Executing handler method : { "event": "Time_TicToc", "sender_obj": &"GameInstance", "sender_path": "/root/GameInstance", "sender_method": &"_on_timer_timeout", "listener_obj": &"Hour", "listener_path": "/root/MainLevel/HUD/Hour", "listener_method": &"_showHour", "args": 11, "time": "10:07:09", "date": "2026-08-02", "frame": 1223, "ticks_msec": 14292, "frame_delta_ms": 8.6, "fps": 116.3 }
[12:07:09.070] [INFO] [EventBus:<Node#80681633258>:162] FRAME : 1223 :  : Executing handler method : { "event": "Time_TicToc", "sender_obj": &"GameInstance", "sender_path": "/root/GameInstance", "sender_method": &"_on_timer_timeout", "listener_obj": &"Count", "listener_path": "/root/MainLevel/HUD/Count", "listener_method": &"_showCount", "args": 11, "time": "10:07:09", "date": "2026-08-02", "frame": 1223, "ticks_msec": 14292, "frame_delta_ms": 8.6, "fps": 116.3 }
[12:07:10.065] [INFO] [GameInstance:<Node#81369499505>:170] FRAME : 1337 : Emiting GameInstance Global timer event
[12:07:10.065] [INFO] [EventBus:<Node#80681633258>:103] FRAME : 1337 :  : Emitting event : ( Time_TicToc ) Node(GameInstance.gd)::_on_timer_timeout
[12:07:10.065] [INFO] [EventBus:<Node#80681633258>:162] FRAME : 1337 :  : Executing handler method : { "event": "Time_TicToc", "sender_obj": &"GameInstance", "sender_path": "/root/GameInstance", "sender_method": &"_on_timer_timeout", "listener_obj": &"Hour", "listener_path": "/root/MainLevel/HUD/Hour", "listener_method": &"_showHour", "args": 12, "time": "10:07:10", "date": "2026-08-02", "frame": 1337, "ticks_msec": 15287, "frame_delta_ms": 8.59, "fps": 116.4 }
[12:07:10.065] [INFO] [EventBus:<Node#80681633258>:162] FRAME : 1337 :  : Executing handler method : { "event": "Time_TicToc", "sender_obj": &"GameInstance", "sender_path": "/root/GameInstance", "sender_method": &"_on_timer_timeout", "listener_obj": &"Count", "listener_path": "/root/MainLevel/HUD/Count", "listener_method": &"_showCount", "args": 12, "time": "10:07:10", "date": "2026-08-02", "frame": 1337, "ticks_msec": 15287, "frame_delta_ms": 8.59, "fps": 116.4 }
[12:07:11.061] [INFO] [GameInstance:<Node#81369499505>:170] FRAME : 1452 : Emiting GameInstance Global timer event
[12:07:11.061] [INFO] [EventBus:<Node#80681633258>:103] FRAME : 1452 :  : Emitting event : ( Time_TicToc ) Node(GameInstance.gd)::_on_timer_timeout
[12:07:11.062] [INFO] [EventBus:<Node#80681633258>:162] FRAME : 1452 :  : Executing handler method : { "event": "Time_TicToc", "sender_obj": &"GameInstance", "sender_path": "/root/GameInstance", "sender_method": &"_on_timer_timeout", "listener_obj": &"Hour", "listener_path": "/root/MainLevel/HUD/Hour", "listener_method": &"_showHour", "args": 13, "time": "10:07:11", "date": "2026-08-02", "frame": 1452, "ticks_msec": 16284, "frame_delta_ms": 8.46, "fps": 118.2 }
[12:07:11.062] [INFO] [EventBus:<Node#80681633258>:162] FRAME : 1452 :  : Executing handler method : { "event": "Time_TicToc", "sender_obj": &"GameInstance", "sender_path": "/root/GameInstance", "sender_method": &"_on_timer_timeout", "listener_obj": &"Count", "listener_path": "/root/MainLevel/HUD/Count", "listener_method": &"_showCount", "args": 13, "time": "10:07:11", "date": "2026-08-02", "frame": 1452, "ticks_msec": 16284, "frame_delta_ms": 8.46, "fps": 118.2 }
[12:07:12.060] [INFO] [GameInstance:<Node#81369499505>:170] FRAME : 1568 : Emiting GameInstance Global timer event
[12:07:12.060] [INFO] [EventBus:<Node#80681633258>:103] FRAME : 1568 :  : Emitting event : ( Time_TicToc ) Node(GameInstance.gd)::_on_timer_timeout
[12:07:12.060] [INFO] [EventBus:<Node#80681633258>:162] FRAME : 1568 :  : Executing handler method : { "event": "Time_TicToc", "sender_obj": &"GameInstance", "sender_path": "/root/GameInstance", "sender_method": &"_on_timer_timeout", "listener_obj": &"Hour", "listener_path": "/root/MainLevel/HUD/Hour", "listener_method": &"_showHour", "args": 14, "time": "10:07:12", "date": "2026-08-02", "frame": 1568, "ticks_msec": 17283, "frame_delta_ms": 8.33, "fps": 120.0 }
[12:07:12.060] [INFO] [EventBus:<Node#80681633258>:162] FRAME : 1568 :  : Executing handler method : { "event": "Time_TicToc", "sender_obj": &"GameInstance", "sender_path": "/root/GameInstance", "sender_method": &"_on_timer_timeout", "listener_obj": &"Count", "listener_path": "/root/MainLevel/HUD/Count", "listener_method": &"_showCount", "args": 14, "time": "10:07:12", "date": "2026-08-02", "frame": 1568, "ticks_msec": 17283, "frame_delta_ms": 8.33, "fps": 120.0 }
[12:07:12.949] [INFO] [next_level.gd:11] FRAME : 1669 :  Entered ... NextLevelArea
[12:07:12.949] [INFO] [LevelManager:<Node#81453385589>:133] FRAME : 1669 :  Unhandled Input disabled MainLevel:<Node3D#102944999287>
[12:07:12.967] [INFO] [LevelManager:<Node#81453385589>:157] FRAME : 1671 : SecondLevel:<Node3D#476607154555>  instantiated but hidden ... 
[12:07:12.967] [INFO] [LevelManager:<Node#81453385589>:215] FRAME : 1671 : Starting GPU Warmup for prefabs...
[12:07:12.967] [INFO] [EventBus:<Node#80681633258>:189] FRAME : 1671 :  Cleared the listeners dictionary
[12:07:12.967] [INFO] [LevelManager:<Node#81453385589>:232] FRAME : 1671 :  EventBus has been reset... 
[12:07:12.967] [INFO] [LevelManager:<Node#81453385589>:246] FRAME : 1671 : Adding the new level : SecondLevel
[12:07:12.967] [INFO] [GameMode.gd:21] FRAME : 1671 : SecondLevel Instantiated ... 
[12:07:12.967] [INFO] [world_environment.gd:13] FRAME : 1671 : /root/SecondLevel/WorldEnvironment Instantiated ... 
[12:07:12.978] [INFO] [backlevel.gd:17] FRAME : 1671 : BackLevelArea3D Instantiated ... 
[12:07:12.978] [INFO] [hud.gd:3] FRAME : 1671 : /root/SecondLevel/HUD Instantiated ... 
[12:07:12.978] [INFO] [movement_mode_label3d.gd:4] FRAME : 1671 : /root/SecondLevel/HUD/MovementMode Instantiated ... 
[12:07:12.979] [INFO] [EventBus:<Node#80681633258>:182] FRAME : 1671 :  : Listener : Label(movement_mode_label3d.gd)::on_MovementChanged exist in event Movement_Changed ? false
[12:07:12.979] [INFO] [EventBus:<Node#80681633258>:76] FRAME : 1671 :  : Subscribed listener '{ "object_name": &"MovementMode", "method_name": &"on_MovementChanged" }' to event 'Movement_Changed'.
[12:07:12.979] [INFO] [direction_mode_label3d.gd:4] FRAME : 1671 : /root/SecondLevel/HUD/DirectionMode Instantiated ... 
[12:07:12.979] [INFO] [EventBus:<Node#80681633258>:182] FRAME : 1671 :  : Listener : Label(direction_mode_label3d.gd)::on_MovementChanged exist in event Movement_Changed ? false
[12:07:12.979] [INFO] [EventBus:<Node#80681633258>:76] FRAME : 1671 :  : Subscribed listener '{ "object_name": &"DirectionMode", "method_name": &"on_MovementChanged" }' to event 'Movement_Changed'.
[12:07:12.979] [INFO] [camera_mode_label3d.gd:4] FRAME : 1671 : /root/SecondLevel/HUD/CameraMode Instantiated ... 
[12:07:12.979] [INFO] [EventBus:<Node#80681633258>:182] FRAME : 1671 :  : Listener : Label(camera_mode_label3d.gd)::on_cameraChanged exist in event CameraMode_Changed ? false
[12:07:12.979] [INFO] [EventBus:<Node#80681633258>:76] FRAME : 1671 :  : Subscribed listener '{ "object_name": &"CameraMode", "method_name": &"on_cameraChanged" }' to event 'CameraMode_Changed'.
[12:07:12.979] [INFO] [graphic_profile.gd:4] FRAME : 1671 : /root/SecondLevel/HUD/GraphicProfile Instantiated ... 
[12:07:12.979] [INFO] [EventBus:<Node#80681633258>:182] FRAME : 1671 :  : Listener : Label(graphic_profile.gd)::on_graphicProfileChanged exist in event GraphicProfile_Changed ? false
[12:07:12.979] [INFO] [EventBus:<Node#80681633258>:76] FRAME : 1671 :  : Subscribed listener '{ "object_name": &"GraphicProfile", "method_name": &"on_graphicProfileChanged" }' to event 'GraphicProfile_Changed'.
[12:07:12.979] [INFO] [hour.gd:4] FRAME : 1671 : /root/SecondLevel/HUD/Hour Instantiated ... 
[12:07:12.980] [INFO] [EventBus:<Node#80681633258>:182] FRAME : 1671 :  : Listener : Label(hour.gd)::_showHour exist in event Time_TicToc ? false
[12:07:12.980] [INFO] [EventBus:<Node#80681633258>:76] FRAME : 1671 :  : Subscribed listener '{ "object_name": &"Hour", "method_name": &"_showHour" }' to event 'Time_TicToc'.
[12:07:12.980] [INFO] [count.gd:4] FRAME : 1671 : /root/SecondLevel/HUD/Count Instantiated ... 
[12:07:12.980] [INFO] [EventBus:<Node#80681633258>:182] FRAME : 1671 :  : Listener : Label(count.gd)::_showCount exist in event Time_TicToc ? false
[12:07:12.980] [INFO] [EventBus:<Node#80681633258>:76] FRAME : 1671 :  : Subscribed listener '{ "object_name": &"Count", "method_name": &"_showCount" }' to event 'Time_TicToc'.
[12:07:12.980] [INFO] [backlevel.gd:16] FRAME : 1671 : BackLevelArea3D Ready ... 
[12:07:12.980] [INFO] [movement_mode_label3d.gd:8] FRAME : 1671 : /root/SecondLevel/HUD/MovementMode Ready ... 
[12:07:12.981] [INFO] [direction_mode_label3d.gd:8] FRAME : 1671 : /root/SecondLevel/HUD/DirectionMode Ready ... 
[12:07:12.981] [INFO] [camera_mode_label3d.gd:8] FRAME : 1671 : /root/SecondLevel/HUD/CameraMode Ready ... 
[12:07:12.981] [INFO] [graphic_profile.gd:8] FRAME : 1671 : /root/SecondLevel/HUD/GraphicProfile Ready ... 
[12:07:12.981] [INFO] [hour.gd:7] FRAME : 1671 : /root/SecondLevel/HUD/Hour Ready ... 
[12:07:12.981] [INFO] [count.gd:7] FRAME : 1671 : /root/SecondLevel/HUD/Count Ready ... 
[12:07:12.982] [INFO] [hud.gd:4] FRAME : 1671 : /root/SecondLevel/HUD Ready ... 
[12:07:12.982] [INFO] [GameMode.gd:46] FRAME : 1671 :  Setting Character ... 
[12:07:12.982] [INFO] [characters_controller.gd:22]  CharacterController instantiated manequin2 ...
[12:07:12.982] [INFO] [weapon.gd:12] FRAME : 1671 : /root/SecondLevel/manequin2/Armature/Skeleton3D/Bone/AssaultRifle1 Instantiated ... AssaultRifle1:<Area3D#104857602245>
[12:07:12.982] [INFO] [animations_controller.gd:10]  AnimationController instantiated AnimationTree ...
[12:07:12.982] [INFO] [GameMode.gd:94] FRAME : 1671 : manequin2:<CharacterBody3D#107692951856> Added to the scene ... 
[12:07:12.982] [INFO] [GameMode.gd:54] FRAME : 1671 :  Emitting TicToc event from GameMode ... 
[12:07:12.982] [INFO] [GameInstance:<Node#81369499505>:170] FRAME : 1671 : Emiting GameInstance Global timer event
[12:07:12.982] [INFO] [EventBus:<Node#80681633258>:103] FRAME : 1671 :  : Emitting event : ( Time_TicToc ) Node(GameInstance.gd)::_on_timer_timeout
[12:07:12.982] [INFO] [EventBus:<Node#80681633258>:162] FRAME : 1671 :  : Executing handler method : { "event": "Time_TicToc", "sender_obj": &"GameInstance", "sender_path": "/root/GameInstance", "sender_method": &"_on_timer_timeout", "listener_obj": &"Hour", "listener_path": "/root/SecondLevel/HUD/Hour", "listener_method": &"_showHour", "args": 14, "time": "10:07:12", "date": "2026-08-02", "frame": 1671, "ticks_msec": 18205, "frame_delta_ms": 8.33, "fps": 120.0 }
[12:07:12.983] [INFO] [EventBus:<Node#80681633258>:162] FRAME : 1671 :  : Executing handler method : { "event": "Time_TicToc", "sender_obj": &"GameInstance", "sender_path": "/root/GameInstance", "sender_method": &"_on_timer_timeout", "listener_obj": &"Count", "listener_path": "/root/SecondLevel/HUD/Count", "listener_method": &"_showCount", "args": 14, "time": "10:07:12", "date": "2026-08-02", "frame": 1671, "ticks_msec": 18205, "frame_delta_ms": 8.33, "fps": 120.0 }
[12:07:12.983] [INFO] [GameMode.gd:57] FRAME : 1671 : SecondLevel Ready ... 
[12:07:12.989] [INFO] [EventBus:<Node#80681633258>:103] FRAME : 1672 :  : Emitting event : ( Movement_Changed ) AnimationTree(Manequin2AnimationsController)::_on_character_movement_component_movementStateChanged
[12:07:12.989] [INFO] [EventBus:<Node#80681633258>:162] FRAME : 1672 :  : Executing handler method : { "event": "Movement_Changed", "sender_obj": &"AnimationTree", "sender_path": "/root/SecondLevel/manequin2/AnimationTree", "sender_method": &"_on_character_movement_component_movementStateChanged", "listener_obj": &"MovementMode", "listener_path": "/root/SecondLevel/HUD/MovementMode", "listener_method": &"on_MovementChanged", "args": ["Falling", ""], "time": "10:07:12", "date": "2026-08-02", "frame": 1672, "ticks_msec": 18212, "frame_delta_ms": 8.33, "fps": 120.0 }
[12:07:12.989] [INFO] [EventBus:<Node#80681633258>:162] FRAME : 1672 :  : Executing handler method : { "event": "Movement_Changed", "sender_obj": &"AnimationTree", "sender_path": "/root/SecondLevel/manequin2/AnimationTree", "sender_method": &"_on_character_movement_component_movementStateChanged", "listener_obj": &"DirectionMode", "listener_path": "/root/SecondLevel/HUD/DirectionMode", "listener_method": &"on_MovementChanged", "args": ["Falling", ""], "time": "10:07:12", "date": "2026-08-02", "frame": 1672, "ticks_msec": 18212, "frame_delta_ms": 8.33, "fps": 120.0 }
[12:07:12.990] [INFO] [ConfigRender.gd:268] FRAME : 1672 : [Render] Integrated or low VRAM. SDFGI: OFF 
[12:07:12.990] [INFO] [EventBus:<Node#80681633258>:103] FRAME : 1672 :  : Emitting event : ( GraphicProfile_Changed ) WorldEnvironment(world_environment.gd)::_configure_local_environment
[12:07:12.990] [INFO] [EventBus:<Node#80681633258>:162] FRAME : 1672 :  : Executing handler method : { "event": "GraphicProfile_Changed", "sender_obj": &"WorldEnvironment", "sender_path": "/root/SecondLevel/WorldEnvironment", "sender_method": &"_configure_local_environment", "listener_obj": &"GraphicProfile", "listener_path": "/root/SecondLevel/HUD/GraphicProfile", "listener_method": &"on_graphicProfileChanged", "args": "LOW", "time": "10:07:12", "date": "2026-08-02", "frame": 1672, "ticks_msec": 18212, "frame_delta_ms": 14.19, "fps": 70.5 }
[12:07:12.990] [INFO] [world_environment.gd:88] FRAME : 1672 : /root/SecondLevel/WorldEnvironment Ready ... 
[12:07:12.990] [INFO] [LevelManager:<Node#81453385589>:187] FRAME : 1672 : Finished GPU Warmup for prefabs removed from scene...
[12:07:12.990] [INFO] [LevelManager:<Node#81453385589>:189] FRAME : 1672 : Level changed successfully: SecondLevel
[12:07:12.990] [INFO] [LevelManager:<Node#81453385589>:192] FRAME : 1672 : SecondLevel:<Node3D#476607154555> is now visble : 
[12:07:12.990] [INFO] [LevelManager:<Node#81453385589>:195] FRAME : 1672 :  Another scene change may occur : 
[12:07:12.990] [INFO] [LevelManager:<Node#81453385589>:199] FRAME : 1672 :  Unhandled Input enabled SecondLevel:<Node3D#476607154555>
[12:07:13.077] [INFO] [GameInstance:<Node#81369499505>:170] FRAME : 1676 : Emiting GameInstance Global timer event
[12:07:13.077] [INFO] [EventBus:<Node#80681633258>:103] FRAME : 1676 :  : Emitting event : ( Time_TicToc ) Node(GameInstance.gd)::_on_timer_timeout
[12:07:13.078] [INFO] [EventBus:<Node#80681633258>:162] FRAME : 1676 :  : Executing handler method : { "event": "Time_TicToc", "sender_obj": &"GameInstance", "sender_path": "/root/GameInstance", "sender_method": &"_on_timer_timeout", "listener_obj": &"Hour", "listener_path": "/root/SecondLevel/HUD/Hour", "listener_method": &"_showHour", "args": 15, "time": "10:07:13", "date": "2026-08-02", "frame": 1676, "ticks_msec": 18300, "frame_delta_ms": 16.67, "fps": 60.0 }
[12:07:13.078] [INFO] [EventBus:<Node#80681633258>:162] FRAME : 1676 :  : Executing handler method : { "event": "Time_TicToc", "sender_obj": &"GameInstance", "sender_path": "/root/GameInstance", "sender_method": &"_on_timer_timeout", "listener_obj": &"Count", "listener_path": "/root/SecondLevel/HUD/Count", "listener_method": &"_showCount", "args": 15, "time": "10:07:13", "date": "2026-08-02", "frame": 1676, "ticks_msec": 18300, "frame_delta_ms": 16.67, "fps": 60.0 }
[12:07:13.733] [INFO] [EventBus:<Node#80681633258>:103] FRAME : 1764 :  : Emitting event : ( Movement_Changed ) AnimationTree(Manequin2AnimationsController)::_on_character_movement_component_movementStateChanged
[12:07:13.733] [INFO] [EventBus:<Node#80681633258>:162] FRAME : 1764 :  : Executing handler method : { "event": "Movement_Changed", "sender_obj": &"AnimationTree", "sender_path": "/root/SecondLevel/manequin2/AnimationTree", "sender_method": &"_on_character_movement_component_movementStateChanged", "listener_obj": &"MovementMode", "listener_path": "/root/SecondLevel/HUD/MovementMode", "listener_method": &"on_MovementChanged", "args": ["Runing", ""], "time": "10:07:13", "date": "2026-08-02", "frame": 1764, "ticks_msec": 18955, "frame_delta_ms": 6.67, "fps": 150.0 }
[12:07:13.733] [INFO] [EventBus:<Node#80681633258>:162] FRAME : 1764 :  : Executing handler method : { "event": "Movement_Changed", "sender_obj": &"AnimationTree", "sender_path": "/root/SecondLevel/manequin2/AnimationTree", "sender_method": &"_on_character_movement_component_movementStateChanged", "listener_obj": &"DirectionMode", "listener_path": "/root/SecondLevel/HUD/DirectionMode", "listener_method": &"on_MovementChanged", "args": ["Runing", ""], "time": "10:07:13", "date": "2026-08-02", "frame": 1764, "ticks_msec": 18955, "frame_delta_ms": 6.67, "fps": 150.0 }
[12:07:14.066] [INFO] [GameInstance:<Node#81369499505>:170] FRAME : 1815 : Emiting GameInstance Global timer event
[12:07:14.066] [INFO] [EventBus:<Node#80681633258>:103] FRAME : 1815 :  : Emitting event : ( Time_TicToc ) Node(GameInstance.gd)::_on_timer_timeout
[12:07:14.066] [INFO] [EventBus:<Node#80681633258>:162] FRAME : 1815 :  : Executing handler method : { "event": "Time_TicToc", "sender_obj": &"GameInstance", "sender_path": "/root/GameInstance", "sender_method": &"_on_timer_timeout", "listener_obj": &"Hour", "listener_path": "/root/SecondLevel/HUD/Hour", "listener_method": &"_showHour", "args": 16, "time": "10:07:14", "date": "2026-08-02", "frame": 1815, "ticks_msec": 19288, "frame_delta_ms": 6.26, "fps": 159.8 }
[12:07:14.066] [INFO] [EventBus:<Node#80681633258>:162] FRAME : 1815 :  : Executing handler method : { "event": "Time_TicToc", "sender_obj": &"GameInstance", "sender_path": "/root/GameInstance", "sender_method": &"_on_timer_timeout", "listener_obj": &"Count", "listener_path": "/root/SecondLevel/HUD/Count", "listener_method": &"_showCount", "args": 16, "time": "10:07:14", "date": "2026-08-02", "frame": 1815, "ticks_msec": 19288, "frame_delta_ms": 6.26, "fps": 159.8 }
[12:07:14.565] [INFO] [EventBus:<Node#80681633258>:103] FRAME : 1891 :  : Emitting event : ( Movement_Changed ) AnimationTree(Manequin2AnimationsController)::_on_character_movement_component_movementStateChanged
[12:07:14.565] [INFO] [EventBus:<Node#80681633258>:162] FRAME : 1891 :  : Executing handler method : { "event": "Movement_Changed", "sender_obj": &"AnimationTree", "sender_path": "/root/SecondLevel/manequin2/AnimationTree", "sender_method": &"_on_character_movement_component_movementStateChanged", "listener_obj": &"MovementMode", "listener_path": "/root/SecondLevel/HUD/MovementMode", "listener_method": &"on_MovementChanged", "args": ["", "Straif Right"], "time": "10:07:14", "date": "2026-08-02", "frame": 1891, "ticks_msec": 19787, "frame_delta_ms": 6.67, "fps": 150.0 }
[12:07:14.565] [INFO] [EventBus:<Node#80681633258>:162] FRAME : 1891 :  : Executing handler method : { "event": "Movement_Changed", "sender_obj": &"AnimationTree", "sender_path": "/root/SecondLevel/manequin2/AnimationTree", "sender_method": &"_on_character_movement_component_movementStateChanged", "listener_obj": &"DirectionMode", "listener_path": "/root/SecondLevel/HUD/DirectionMode", "listener_method": &"on_MovementChanged", "args": ["", "Straif Right"], "time": "10:07:14", "date": "2026-08-02", "frame": 1891, "ticks_msec": 19787, "frame_delta_ms": 6.67, "fps": 150.0 }
[12:07:15.039] [INFO] [EventBus:<Node#80681633258>:103] FRAME : 1960 :  : Emitting event : ( Movement_Changed ) AnimationTree(Manequin2AnimationsController)::_on_character_movement_component_movementStateChanged
[12:07:15.040] [INFO] [EventBus:<Node#80681633258>:162] FRAME : 1960 :  : Executing handler method : { "event": "Movement_Changed", "sender_obj": &"AnimationTree", "sender_path": "/root/SecondLevel/manequin2/AnimationTree", "sender_method": &"_on_character_movement_component_movementStateChanged", "listener_obj": &"MovementMode", "listener_path": "/root/SecondLevel/HUD/MovementMode", "listener_method": &"on_MovementChanged", "args": ["", "Forward"], "time": "10:07:15", "date": "2026-08-02", "frame": 1960, "ticks_msec": 20262, "frame_delta_ms": 6.94, "fps": 144.0 }
[12:07:15.040] [INFO] [EventBus:<Node#80681633258>:162] FRAME : 1960 :  : Executing handler method : { "event": "Movement_Changed", "sender_obj": &"AnimationTree", "sender_path": "/root/SecondLevel/manequin2/AnimationTree", "sender_method": &"_on_character_movement_component_movementStateChanged", "listener_obj": &"DirectionMode", "listener_path": "/root/SecondLevel/HUD/DirectionMode", "listener_method": &"on_MovementChanged", "args": ["", "Forward"], "time": "10:07:15", "date": "2026-08-02", "frame": 1960, "ticks_msec": 20262, "frame_delta_ms": 6.94, "fps": 144.0 }
[12:07:15.073] [INFO] [GameInstance:<Node#81369499505>:170] FRAME : 1965 : Emiting GameInstance Global timer event
[12:07:15.073] [INFO] [EventBus:<Node#80681633258>:103] FRAME : 1965 :  : Emitting event : ( Time_TicToc ) Node(GameInstance.gd)::_on_timer_timeout
[12:07:15.073] [INFO] [EventBus:<Node#80681633258>:162] FRAME : 1965 :  : Executing handler method : { "event": "Time_TicToc", "sender_obj": &"GameInstance", "sender_path": "/root/GameInstance", "sender_method": &"_on_timer_timeout", "listener_obj": &"Hour", "listener_path": "/root/SecondLevel/HUD/Hour", "listener_method": &"_showHour", "args": 17, "time": "10:07:15", "date": "2026-08-02", "frame": 1965, "ticks_msec": 20295, "frame_delta_ms": 6.94, "fps": 144.0 }
[12:07:15.073] [INFO] [EventBus:<Node#80681633258>:162] FRAME : 1965 :  : Executing handler method : { "event": "Time_TicToc", "sender_obj": &"GameInstance", "sender_path": "/root/GameInstance", "sender_method": &"_on_timer_timeout", "listener_obj": &"Count", "listener_path": "/root/SecondLevel/HUD/Count", "listener_method": &"_showCount", "args": 17, "time": "10:07:15", "date": "2026-08-02", "frame": 1965, "ticks_msec": 20296, "frame_delta_ms": 6.94, "fps": 144.0 }
[12:07:15.832] [INFO] [EventBus:<Node#80681633258>:103] FRAME : 2074 :  : Emitting event : ( Movement_Changed ) AnimationTree(Manequin2AnimationsController)::_on_character_movement_component_movementStateChanged
[12:07:15.832] [INFO] [EventBus:<Node#80681633258>:162] FRAME : 2074 :  : Executing handler method : { "event": "Movement_Changed", "sender_obj": &"AnimationTree", "sender_path": "/root/SecondLevel/manequin2/AnimationTree", "sender_method": &"_on_character_movement_component_movementStateChanged", "listener_obj": &"MovementMode", "listener_path": "/root/SecondLevel/HUD/MovementMode", "listener_method": &"on_MovementChanged", "args": ["", "Straif Right"], "time": "10:07:15", "date": "2026-08-02", "frame": 2074, "ticks_msec": 21055, "frame_delta_ms": 6.94, "fps": 144.0 }
[12:07:15.832] [INFO] [EventBus:<Node#80681633258>:162] FRAME : 2074 :  : Executing handler method : { "event": "Movement_Changed", "sender_obj": &"AnimationTree", "sender_path": "/root/SecondLevel/manequin2/AnimationTree", "sender_method": &"_on_character_movement_component_movementStateChanged", "listener_obj": &"DirectionMode", "listener_path": "/root/SecondLevel/HUD/DirectionMode", "listener_method": &"on_MovementChanged", "args": ["", "Straif Right"], "time": "10:07:15", "date": "2026-08-02", "frame": 2074, "ticks_msec": 21055, "frame_delta_ms": 6.94, "fps": 144.0 }
[12:07:16.059] [INFO] [GameInstance:<Node#81369499505>:170] FRAME : 2107 : Emiting GameInstance Global timer event
[12:07:16.059] [INFO] [EventBus:<Node#80681633258>:103] FRAME : 2107 :  : Emitting event : ( Time_TicToc ) Node(GameInstance.gd)::_on_timer_timeout
[12:07:16.059] [INFO] [EventBus:<Node#80681633258>:162] FRAME : 2107 :  : Executing handler method : { "event": "Time_TicToc", "sender_obj": &"GameInstance", "sender_path": "/root/GameInstance", "sender_method": &"_on_timer_timeout", "listener_obj": &"Hour", "listener_path": "/root/SecondLevel/HUD/Hour", "listener_method": &"_showHour", "args": 18, "time": "10:07:16", "date": "2026-08-02", "frame": 2107, "ticks_msec": 21281, "frame_delta_ms": 6.94, "fps": 144.0 }
[12:07:16.059] [INFO] [EventBus:<Node#80681633258>:162] FRAME : 2107 :  : Executing handler method : { "event": "Time_TicToc", "sender_obj": &"GameInstance", "sender_path": "/root/GameInstance", "sender_method": &"_on_timer_timeout", "listener_obj": &"Count", "listener_path": "/root/SecondLevel/HUD/Count", "listener_method": &"_showCount", "args": 18, "time": "10:07:16", "date": "2026-08-02", "frame": 2107, "ticks_msec": 21282, "frame_delta_ms": 6.94, "fps": 144.0 }
[12:07:17.068] [INFO] [EventBus:<Node#80681633258>:103] FRAME : 2254 :  : Emitting event : ( Movement_Changed ) AnimationTree(Manequin2AnimationsController)::_on_character_movement_component_movementStateChanged
[12:07:17.068] [INFO] [EventBus:<Node#80681633258>:162] FRAME : 2254 :  : Executing handler method : { "event": "Movement_Changed", "sender_obj": &"AnimationTree", "sender_path": "/root/SecondLevel/manequin2/AnimationTree", "sender_method": &"_on_character_movement_component_movementStateChanged", "listener_obj": &"MovementMode", "listener_path": "/root/SecondLevel/HUD/MovementMode", "listener_method": &"on_MovementChanged", "args": ["", "None"], "time": "10:07:17", "date": "2026-08-02", "frame": 2254, "ticks_msec": 22290, "frame_delta_ms": 6.94, "fps": 144.0 }
[12:07:17.068] [INFO] [EventBus:<Node#80681633258>:162] FRAME : 2254 :  : Executing handler method : { "event": "Movement_Changed", "sender_obj": &"AnimationTree", "sender_path": "/root/SecondLevel/manequin2/AnimationTree", "sender_method": &"_on_character_movement_component_movementStateChanged", "listener_obj": &"DirectionMode", "listener_path": "/root/SecondLevel/HUD/DirectionMode", "listener_method": &"on_MovementChanged", "args": ["", "None"], "time": "10:07:17", "date": "2026-08-02", "frame": 2254, "ticks_msec": 22290, "frame_delta_ms": 6.94, "fps": 144.0 }
[12:07:17.068] [INFO] [EventBus:<Node#80681633258>:103] FRAME : 2254 :  : Emitting event : ( Movement_Changed ) AnimationTree(Manequin2AnimationsController)::_on_character_movement_component_movementStateChanged
[12:07:17.068] [INFO] [EventBus:<Node#80681633258>:162] FRAME : 2254 :  : Executing handler method : { "event": "Movement_Changed", "sender_obj": &"AnimationTree", "sender_path": "/root/SecondLevel/manequin2/AnimationTree", "sender_method": &"_on_character_movement_component_movementStateChanged", "listener_obj": &"MovementMode", "listener_path": "/root/SecondLevel/HUD/MovementMode", "listener_method": &"on_MovementChanged", "args": ["Idle", ""], "time": "10:07:17", "date": "2026-08-02", "frame": 2254, "ticks_msec": 22291, "frame_delta_ms": 6.94, "fps": 144.0 }
[12:07:17.068] [INFO] [EventBus:<Node#80681633258>:162] FRAME : 2254 :  : Executing handler method : { "event": "Movement_Changed", "sender_obj": &"AnimationTree", "sender_path": "/root/SecondLevel/manequin2/AnimationTree", "sender_method": &"_on_character_movement_component_movementStateChanged", "listener_obj": &"DirectionMode", "listener_path": "/root/SecondLevel/HUD/DirectionMode", "listener_method": &"on_MovementChanged", "args": ["Idle", ""], "time": "10:07:17", "date": "2026-08-02", "frame": 2254, "ticks_msec": 22291, "frame_delta_ms": 6.94, "fps": 144.0 }
[12:07:17.069] [INFO] [GameInstance:<Node#81369499505>:170] FRAME : 2254 : Emiting GameInstance Global timer event
[12:07:17.069] [INFO] [EventBus:<Node#80681633258>:103] FRAME : 2254 :  : Emitting event : ( Time_TicToc ) Node(GameInstance.gd)::_on_timer_timeout
[12:07:17.069] [INFO] [EventBus:<Node#80681633258>:162] FRAME : 2254 :  : Executing handler method : { "event": "Time_TicToc", "sender_obj": &"GameInstance", "sender_path": "/root/GameInstance", "sender_method": &"_on_timer_timeout", "listener_obj": &"Hour", "listener_path": "/root/SecondLevel/HUD/Hour", "listener_method": &"_showHour", "args": 19, "time": "10:07:17", "date": "2026-08-02", "frame": 2254, "ticks_msec": 22291, "frame_delta_ms": 6.94, "fps": 144.0 }
[12:07:17.069] [INFO] [EventBus:<Node#80681633258>:162] FRAME : 2254 :  : Executing handler method : { "event": "Time_TicToc", "sender_obj": &"GameInstance", "sender_path": "/root/GameInstance", "sender_method": &"_on_timer_timeout", "listener_obj": &"Count", "listener_path": "/root/SecondLevel/HUD/Count", "listener_method": &"_showCount", "args": 19, "time": "10:07:17", "date": "2026-08-02", "frame": 2254, "ticks_msec": 22291, "frame_delta_ms": 6.94, "fps": 144.0 }
[12:07:18.070] [INFO] [GameInstance:<Node#81369499505>:170] FRAME : 2392 : Emiting GameInstance Global timer event
[12:07:18.070] [INFO] [EventBus:<Node#80681633258>:103] FRAME : 2392 :  : Emitting event : ( Time_TicToc ) Node(GameInstance.gd)::_on_timer_timeout
[12:07:18.070] [INFO] [EventBus:<Node#80681633258>:162] FRAME : 2392 :  : Executing handler method : { "event": "Time_TicToc", "sender_obj": &"GameInstance", "sender_path": "/root/GameInstance", "sender_method": &"_on_timer_timeout", "listener_obj": &"Hour", "listener_path": "/root/SecondLevel/HUD/Hour", "listener_method": &"_showHour", "args": 20, "time": "10:07:18", "date": "2026-08-02", "frame": 2392, "ticks_msec": 23292, "frame_delta_ms": 7.41, "fps": 135.0 }
[12:07:18.070] [INFO] [EventBus:<Node#80681633258>:162] FRAME : 2392 :  : Executing handler method : { "event": "Time_TicToc", "sender_obj": &"GameInstance", "sender_path": "/root/GameInstance", "sender_method": &"_on_timer_timeout", "listener_obj": &"Count", "listener_path": "/root/SecondLevel/HUD/Count", "listener_method": &"_showCount", "args": 20, "time": "10:07:18", "date": "2026-08-02", "frame": 2392, "ticks_msec": 23292, "frame_delta_ms": 7.41, "fps": 135.0 }
[12:07:18.328] [INFO] [GameInstance:<Node#81369499505>:219] FRAME : 2427 : Pressed a key to change the character
[12:07:18.329] [INFO] [GameInstance:<Node#81369499505>:188] FRAME : 2427 : Got the context of the previous character
[12:07:18.329] [INFO] [GameInstance:<Node#81369499505>:196] FRAME : 2427 : Set the new character
[12:07:18.329] [INFO] [characters_controller.gd:22]  CharacterController instantiated manequin1 ...
[12:07:18.330] [INFO] [animations_controller.gd:10]  AnimationController instantiated AnimationTree ...
[12:07:18.331] [INFO] [animations_controller.gd:9]  AnimationController Ready AnimationTree ...
[12:07:18.331] [INFO] [characters_controller.gd:28]  CharacterController Ready manequin1 ...
[12:07:18.331] [INFO] [EventBus:<Node#80681633258>:103] FRAME : 2427 :  : Emitting event : ( Movement_Changed ) CharacterBody3D(Manequin1Controller)::_ready
[12:07:18.331] [INFO] [EventBus:<Node#80681633258>:162] FRAME : 2427 :  : Executing handler method : { "event": "Movement_Changed", "sender_obj": &"manequin1", "sender_path": "/root/SecondLevel/manequin1", "sender_method": &"_ready", "listener_obj": &"MovementMode", "listener_path": "/root/SecondLevel/HUD/MovementMode", "listener_method": &"on_MovementChanged", "args": ["Idle", ""], "time": "10:07:18", "date": "2026-08-02", "frame": 2427, "ticks_msec": 23554, "frame_delta_ms": 7.26, "fps": 137.7 }
[12:07:18.332] [INFO] [EventBus:<Node#80681633258>:162] FRAME : 2427 :  : Executing handler method : { "event": "Movement_Changed", "sender_obj": &"manequin1", "sender_path": "/root/SecondLevel/manequin1", "sender_method": &"_ready", "listener_obj": &"DirectionMode", "listener_path": "/root/SecondLevel/HUD/DirectionMode", "listener_method": &"on_MovementChanged", "args": ["Idle", ""], "time": "10:07:18", "date": "2026-08-02", "frame": 2427, "ticks_msec": 23554, "frame_delta_ms": 7.26, "fps": 137.7 }
[12:07:18.332] [INFO] [EventBus:<Node#80681633258>:103] FRAME : 2427 :  : Emitting event : ( CameraMode_Changed ) CharacterBody3D(Manequin1Controller)::_ready
[12:07:18.333] [INFO] [EventBus:<Node#80681633258>:162] FRAME : 2427 :  : Executing handler method : { "event": "CameraMode_Changed", "sender_obj": &"manequin1", "sender_path": "/root/SecondLevel/manequin1", "sender_method": &"_ready", "listener_obj": &"CameraMode", "listener_path": "/root/SecondLevel/HUD/CameraMode", "listener_method": &"on_cameraChanged", "args": "FULL", "time": "10:07:18", "date": "2026-08-02", "frame": 2427, "ticks_msec": 23555, "frame_delta_ms": 7.26, "fps": 137.7 }
[12:07:18.333] [INFO] [GameInstance:<Node#81369499505>:201] FRAME : 2427 : Added the new character to the scene
[12:07:18.333] [INFO] [weapon.gd:12] FRAME : 2427 : /root/SecondLevel/manequin1/Armature/Skeleton3D/Bone/AssaultRifle1 Instantiated ... AssaultRifle1:<Area3D#104857602245>
[12:07:18.333] [INFO] [EventBus:<Node#80681633258>:103] FRAME : 2427 :  : Emitting event : ( Movement_Changed ) AnimationTree(Manequin1AnimationsController)::_on_character_movement_component_movementStateChanged
[12:07:18.333] [INFO] [EventBus:<Node#80681633258>:162] FRAME : 2427 :  : Executing handler method : { "event": "Movement_Changed", "sender_obj": &"AnimationTree", "sender_path": "/root/SecondLevel/manequin1/AnimationTree", "sender_method": &"_on_character_movement_component_movementStateChanged", "listener_obj": &"MovementMode", "listener_path": "/root/SecondLevel/HUD/MovementMode", "listener_method": &"on_MovementChanged", "args": ["Idle", ""], "time": "10:07:18", "date": "2026-08-02", "frame": 2427, "ticks_msec": 23555, "frame_delta_ms": 7.26, "fps": 137.7 }
[12:07:18.333] [INFO] [EventBus:<Node#80681633258>:162] FRAME : 2427 :  : Executing handler method : { "event": "Movement_Changed", "sender_obj": &"AnimationTree", "sender_path": "/root/SecondLevel/manequin1/AnimationTree", "sender_method": &"_on_character_movement_component_movementStateChanged", "listener_obj": &"DirectionMode", "listener_path": "/root/SecondLevel/HUD/DirectionMode", "listener_method": &"on_MovementChanged", "args": ["Idle", ""], "time": "10:07:18", "date": "2026-08-02", "frame": 2427, "ticks_msec": 23556, "frame_delta_ms": 7.26, "fps": 137.7 }
[12:07:18.333] [INFO] [GameInstance:<Node#81369499505>:204] FRAME : 2427 : Set the context of the old character to the new one
[12:07:18.333] [INFO] [GameInstance:<Node#81369499505>:196] FRAME : 2427 : Changed Character to: manequin1
[12:07:18.336] [INFO] [EventBus:<Node#80681633258>:103] FRAME : 2428 :  : Emitting event : ( Movement_Changed ) AnimationTree(Manequin1AnimationsController)::_on_character_movement_component_movementStateChanged
[12:07:18.336] [INFO] [EventBus:<Node#80681633258>:162] FRAME : 2428 :  : Executing handler method : { "event": "Movement_Changed", "sender_obj": &"AnimationTree", "sender_path": "/root/SecondLevel/manequin1/AnimationTree", "sender_method": &"_on_character_movement_component_movementStateChanged", "listener_obj": &"MovementMode", "listener_path": "/root/SecondLevel/HUD/MovementMode", "listener_method": &"on_MovementChanged", "args": ["", "None"], "time": "10:07:18", "date": "2026-08-02", "frame": 2428, "ticks_msec": 23559, "frame_delta_ms": 11.19, "fps": 89.4 }
[12:07:18.336] [INFO] [EventBus:<Node#80681633258>:162] FRAME : 2428 :  : Executing handler method : { "event": "Movement_Changed", "sender_obj": &"AnimationTree", "sender_path": "/root/SecondLevel/manequin1/AnimationTree", "sender_method": &"_on_character_movement_component_movementStateChanged", "listener_obj": &"DirectionMode", "listener_path": "/root/SecondLevel/HUD/DirectionMode", "listener_method": &"on_MovementChanged", "args": ["", "None"], "time": "10:07:18", "date": "2026-08-02", "frame": 2428, "ticks_msec": 23559, "frame_delta_ms": 11.19, "fps": 89.4 }
[12:07:19.059] [INFO] [GameInstance:<Node#81369499505>:170] FRAME : 2529 : Emiting GameInstance Global timer event
[12:07:19.059] [INFO] [EventBus:<Node#80681633258>:103] FRAME : 2529 :  : Emitting event : ( Time_TicToc ) Node(GameInstance.gd)::_on_timer_timeout
[12:07:19.059] [INFO] [EventBus:<Node#80681633258>:162] FRAME : 2529 :  : Executing handler method : { "event": "Time_TicToc", "sender_obj": &"GameInstance", "sender_path": "/root/GameInstance", "sender_method": &"_on_timer_timeout", "listener_obj": &"Hour", "listener_path": "/root/SecondLevel/HUD/Hour", "listener_method": &"_showHour", "args": 21, "time": "10:07:19", "date": "2026-08-02", "frame": 2529, "ticks_msec": 24281, "frame_delta_ms": 7.14, "fps": 140.0 }
[12:07:19.059] [INFO] [EventBus:<Node#80681633258>:162] FRAME : 2529 :  : Executing handler method : { "event": "Time_TicToc", "sender_obj": &"GameInstance", "sender_path": "/root/GameInstance", "sender_method": &"_on_timer_timeout", "listener_obj": &"Count", "listener_path": "/root/SecondLevel/HUD/Count", "listener_method": &"_showCount", "args": 21, "time": "10:07:19", "date": "2026-08-02", "frame": 2529, "ticks_msec": 24282, "frame_delta_ms": 7.14, "fps": 140.0 }
[12:07:19.676] [INFO] [EventBus:<Node#80681633258>:103] FRAME : 2616 :  : Emitting event : ( Movement_Changed ) AnimationTree(Manequin1AnimationsController)::_on_character_movement_component_movementStateChanged
[12:07:19.676] [INFO] [EventBus:<Node#80681633258>:162] FRAME : 2616 :  : Executing handler method : { "event": "Movement_Changed", "sender_obj": &"AnimationTree", "sender_path": "/root/SecondLevel/manequin1/AnimationTree", "sender_method": &"_on_character_movement_component_movementStateChanged", "listener_obj": &"MovementMode", "listener_path": "/root/SecondLevel/HUD/MovementMode", "listener_method": &"on_MovementChanged", "args": ["", "Backward"], "time": "10:07:19", "date": "2026-08-02", "frame": 2616, "ticks_msec": 24899, "frame_delta_ms": 7.14, "fps": 140.0 }
[12:07:19.676] [INFO] [EventBus:<Node#80681633258>:162] FRAME : 2616 :  : Executing handler method : { "event": "Movement_Changed", "sender_obj": &"AnimationTree", "sender_path": "/root/SecondLevel/manequin1/AnimationTree", "sender_method": &"_on_character_movement_component_movementStateChanged", "listener_obj": &"DirectionMode", "listener_path": "/root/SecondLevel/HUD/DirectionMode", "listener_method": &"on_MovementChanged", "args": ["", "Backward"], "time": "10:07:19", "date": "2026-08-02", "frame": 2616, "ticks_msec": 24899, "frame_delta_ms": 7.14, "fps": 140.0 }
[12:07:19.677] [INFO] [EventBus:<Node#80681633258>:103] FRAME : 2616 :  : Emitting event : ( Movement_Changed ) AnimationTree(Manequin1AnimationsController)::_on_character_movement_component_movementStateChanged
[12:07:19.677] [INFO] [EventBus:<Node#80681633258>:162] FRAME : 2616 :  : Executing handler method : { "event": "Movement_Changed", "sender_obj": &"AnimationTree", "sender_path": "/root/SecondLevel/manequin1/AnimationTree", "sender_method": &"_on_character_movement_component_movementStateChanged", "listener_obj": &"MovementMode", "listener_path": "/root/SecondLevel/HUD/MovementMode", "listener_method": &"on_MovementChanged", "args": ["Runing", ""], "time": "10:07:19", "date": "2026-08-02", "frame": 2616, "ticks_msec": 24899, "frame_delta_ms": 7.14, "fps": 140.0 }
[12:07:19.677] [INFO] [EventBus:<Node#80681633258>:162] FRAME : 2616 :  : Executing handler method : { "event": "Movement_Changed", "sender_obj": &"AnimationTree", "sender_path": "/root/SecondLevel/manequin1/AnimationTree", "sender_method": &"_on_character_movement_component_movementStateChanged", "listener_obj": &"DirectionMode", "listener_path": "/root/SecondLevel/HUD/DirectionMode", "listener_method": &"on_MovementChanged", "args": ["Runing", ""], "time": "10:07:19", "date": "2026-08-02", "frame": 2616, "ticks_msec": 24899, "frame_delta_ms": 7.14, "fps": 140.0 }
[12:07:20.060] [INFO] [GameInstance:<Node#81369499505>:170] FRAME : 2669 : Emiting GameInstance Global timer event
[12:07:20.060] [INFO] [EventBus:<Node#80681633258>:103] FRAME : 2669 :  : Emitting event : ( Time_TicToc ) Node(GameInstance.gd)::_on_timer_timeout
[12:07:20.061] [INFO] [EventBus:<Node#80681633258>:162] FRAME : 2669 :  : Executing handler method : { "event": "Time_TicToc", "sender_obj": &"GameInstance", "sender_path": "/root/GameInstance", "sender_method": &"_on_timer_timeout", "listener_obj": &"Hour", "listener_path": "/root/SecondLevel/HUD/Hour", "listener_method": &"_showHour", "args": 22, "time": "10:07:20", "date": "2026-08-02", "frame": 2669, "ticks_msec": 25283, "frame_delta_ms": 7.14, "fps": 140.0 }
[12:07:20.061] [INFO] [EventBus:<Node#80681633258>:162] FRAME : 2669 :  : Executing handler method : { "event": "Time_TicToc", "sender_obj": &"GameInstance", "sender_path": "/root/GameInstance", "sender_method": &"_on_timer_timeout", "listener_obj": &"Count", "listener_path": "/root/SecondLevel/HUD/Count", "listener_method": &"_showCount", "args": 22, "time": "10:07:20", "date": "2026-08-02", "frame": 2669, "ticks_msec": 25283, "frame_delta_ms": 7.14, "fps": 140.0 }
[12:07:20.294] [INFO] [EventBus:<Node#80681633258>:103] FRAME : 2701 :  : Emitting event : ( Movement_Changed ) AnimationTree(Manequin1AnimationsController)::_on_character_movement_component_movementStateChanged
[12:07:20.294] [INFO] [EventBus:<Node#80681633258>:162] FRAME : 2701 :  : Executing handler method : { "event": "Movement_Changed", "sender_obj": &"AnimationTree", "sender_path": "/root/SecondLevel/manequin1/AnimationTree", "sender_method": &"_on_character_movement_component_movementStateChanged", "listener_obj": &"MovementMode", "listener_path": "/root/SecondLevel/HUD/MovementMode", "listener_method": &"on_MovementChanged", "args": ["", "Forward"], "time": "10:07:20", "date": "2026-08-02", "frame": 2701, "ticks_msec": 25517, "frame_delta_ms": 7.14, "fps": 140.0 }
[12:07:20.295] [INFO] [EventBus:<Node#80681633258>:162] FRAME : 2701 :  : Executing handler method : { "event": "Movement_Changed", "sender_obj": &"AnimationTree", "sender_path": "/root/SecondLevel/manequin1/AnimationTree", "sender_method": &"_on_character_movement_component_movementStateChanged", "listener_obj": &"DirectionMode", "listener_path": "/root/SecondLevel/HUD/DirectionMode", "listener_method": &"on_MovementChanged", "args": ["", "Forward"], "time": "10:07:20", "date": "2026-08-02", "frame": 2701, "ticks_msec": 25517, "frame_delta_ms": 7.14, "fps": 140.0 }
[12:07:21.063] [INFO] [GameInstance:<Node#81369499505>:170] FRAME : 2809 : Emiting GameInstance Global timer event
[12:07:21.063] [INFO] [EventBus:<Node#80681633258>:103] FRAME : 2809 :  : Emitting event : ( Time_TicToc ) Node(GameInstance.gd)::_on_timer_timeout
[12:07:21.063] [INFO] [EventBus:<Node#80681633258>:162] FRAME : 2809 :  : Executing handler method : { "event": "Time_TicToc", "sender_obj": &"GameInstance", "sender_path": "/root/GameInstance", "sender_method": &"_on_timer_timeout", "listener_obj": &"Hour", "listener_path": "/root/SecondLevel/HUD/Hour", "listener_method": &"_showHour", "args": 23, "time": "10:07:21", "date": "2026-08-02", "frame": 2809, "ticks_msec": 26285, "frame_delta_ms": 7.14, "fps": 140.0 }
[12:07:21.063] [INFO] [EventBus:<Node#80681633258>:162] FRAME : 2809 :  : Executing handler method : { "event": "Time_TicToc", "sender_obj": &"GameInstance", "sender_path": "/root/GameInstance", "sender_method": &"_on_timer_timeout", "listener_obj": &"Count", "listener_path": "/root/SecondLevel/HUD/Count", "listener_method": &"_showCount", "args": 23, "time": "10:07:21", "date": "2026-08-02", "frame": 2809, "ticks_msec": 26286, "frame_delta_ms": 7.14, "fps": 140.0 }
[12:07:21.857] [INFO] [back_level.gd:11] FRAME : 2922 :  Entered ... BackLevelArea3D
[12:07:21.857] [INFO] [LevelManager:<Node#81453385589>:133] FRAME : 2922 :  Unhandled Input disabled SecondLevel:<Node3D#476607154555>
[12:07:21.902] [INFO] [LevelManager:<Node#81453385589>:157] FRAME : 2926 : MainLevel:<Node3D#773781981539>  instantiated but hidden ... 
[12:07:21.902] [INFO] [LevelManager:<Node#81453385589>:215] FRAME : 2926 : Starting GPU Warmup for prefabs...
[12:07:21.903] [INFO] [EventBus:<Node#80681633258>:189] FRAME : 2926 :  Cleared the listeners dictionary
[12:07:21.903] [INFO] [LevelManager:<Node#81453385589>:232] FRAME : 2926 :  EventBus has been reset... 
[12:07:21.904] [INFO] [LevelManager:<Node#81453385589>:246] FRAME : 2926 : Adding the new level : MainLevel
[12:07:21.904] [INFO] [GameMode.gd:21] FRAME : 2926 : MainLevel Instantiated ... 
[12:07:21.913] [INFO] [area3d.gd:7] FRAME : 2926 : /root/MainLevel/World/WeaponArea Instantiated ... 
[12:07:21.913] [INFO] [weapon.gd:12] FRAME : 2926 : /root/MainLevel/World/WeaponArea/WeaponAreaCollisionShape/AssaultRifle1 Instantiated ... AssaultRifle1:<Area3D#775526811714>
[12:07:21.914] [INFO] [nextlevel.gd:16] FRAME : 2926 : /root/MainLevel/World/NextLevelArea Instantiated ... 
[12:07:21.914] [INFO] [hud.gd:3] FRAME : 2926 : /root/MainLevel/HUD Instantiated ... 
[12:07:21.914] [INFO] [movement_mode_label3d.gd:4] FRAME : 2926 : /root/MainLevel/HUD/MovementMode Instantiated ... 
[12:07:21.914] [INFO] [EventBus:<Node#80681633258>:182] FRAME : 2926 :  : Listener : Label(movement_mode_label3d.gd)::on_MovementChanged exist in event Movement_Changed ? false
[12:07:21.914] [INFO] [EventBus:<Node#80681633258>:76] FRAME : 2926 :  : Subscribed listener '{ "object_name": &"MovementMode", "method_name": &"on_MovementChanged" }' to event 'Movement_Changed'.
[12:07:21.914] [INFO] [direction_mode_label3d.gd:4] FRAME : 2926 : /root/MainLevel/HUD/DirectionMode Instantiated ... 
[12:07:21.914] [INFO] [EventBus:<Node#80681633258>:182] FRAME : 2926 :  : Listener : Label(direction_mode_label3d.gd)::on_MovementChanged exist in event Movement_Changed ? false
[12:07:21.914] [INFO] [EventBus:<Node#80681633258>:76] FRAME : 2926 :  : Subscribed listener '{ "object_name": &"DirectionMode", "method_name": &"on_MovementChanged" }' to event 'Movement_Changed'.
[12:07:21.914] [INFO] [camera_mode_label3d.gd:4] FRAME : 2926 : /root/MainLevel/HUD/CameraMode Instantiated ... 
[12:07:21.914] [INFO] [EventBus:<Node#80681633258>:182] FRAME : 2926 :  : Listener : Label(camera_mode_label3d.gd)::on_cameraChanged exist in event CameraMode_Changed ? false
[12:07:21.914] [INFO] [EventBus:<Node#80681633258>:76] FRAME : 2926 :  : Subscribed listener '{ "object_name": &"CameraMode", "method_name": &"on_cameraChanged" }' to event 'CameraMode_Changed'.
[12:07:21.914] [INFO] [graphic_profile.gd:4] FRAME : 2926 : /root/MainLevel/HUD/GraphicProfile Instantiated ... 
[12:07:21.914] [INFO] [EventBus:<Node#80681633258>:182] FRAME : 2926 :  : Listener : Label(graphic_profile.gd)::on_graphicProfileChanged exist in event GraphicProfile_Changed ? false
[12:07:21.914] [INFO] [EventBus:<Node#80681633258>:76] FRAME : 2926 :  : Subscribed listener '{ "object_name": &"GraphicProfile", "method_name": &"on_graphicProfileChanged" }' to event 'GraphicProfile_Changed'.
[12:07:21.914] [INFO] [hour.gd:4] FRAME : 2926 : /root/MainLevel/HUD/Hour Instantiated ... 
[12:07:21.914] [INFO] [EventBus:<Node#80681633258>:182] FRAME : 2926 :  : Listener : Label(hour.gd)::_showHour exist in event Time_TicToc ? false
[12:07:21.914] [INFO] [EventBus:<Node#80681633258>:76] FRAME : 2926 :  : Subscribed listener '{ "object_name": &"Hour", "method_name": &"_showHour" }' to event 'Time_TicToc'.
[12:07:21.914] [INFO] [count.gd:4] FRAME : 2926 : /root/MainLevel/HUD/Count Instantiated ... 
[12:07:21.914] [INFO] [EventBus:<Node#80681633258>:182] FRAME : 2926 :  : Listener : Label(count.gd)::_showCount exist in event Time_TicToc ? false
[12:07:21.914] [INFO] [EventBus:<Node#80681633258>:76] FRAME : 2926 :  : Subscribed listener '{ "object_name": &"Count", "method_name": &"_showCount" }' to event 'Time_TicToc'.
[12:07:21.915] [INFO] [world_environment.gd:13] FRAME : 2926 : /root/MainLevel/WorldEnvironment Instantiated ... 
[12:07:21.915] [INFO] [weapon.gd:14] FRAME : 2926 : /root/MainLevel/World/WeaponArea/WeaponAreaCollisionShape/AssaultRifle1 Ready ... 
[12:07:21.915] [INFO] [area3d.gd:10] FRAME : 2926 : /root/MainLevel/World/WeaponArea Ready ... WeaponArea:<Area3D#775493257407>
[12:07:21.915] [INFO] [area3d.gd:15] FRAME : 2926 : /root/MainLevel/World/WeaponArea Destroyed ... WeaponArea:<Area3D#775493257407>
[12:07:21.915] [INFO] [area3d.gd:17] FRAME : 2926 : /root/MainLevel/World/WeaponArea/WeaponAreaCollisionShape Destroyed ... WeaponAreaCollisionShape:<CollisionShape3D#775510034509>
[12:07:21.915] [INFO] [nextlevel.gd:17] FRAME : 2926 : /root/MainLevel/World/NextLevelArea Ready ... 
[12:07:21.915] [INFO] [movement_mode_label3d.gd:8] FRAME : 2926 : /root/MainLevel/HUD/MovementMode Ready ... 
[12:07:21.915] [INFO] [direction_mode_label3d.gd:8] FRAME : 2926 : /root/MainLevel/HUD/DirectionMode Ready ... 
[12:07:21.915] [INFO] [camera_mode_label3d.gd:8] FRAME : 2926 : /root/MainLevel/HUD/CameraMode Ready ... 
[12:07:21.915] [INFO] [graphic_profile.gd:8] FRAME : 2926 : /root/MainLevel/HUD/GraphicProfile Ready ... 
[12:07:21.915] [INFO] [hour.gd:7] FRAME : 2926 : /root/MainLevel/HUD/Hour Ready ... 
[12:07:21.915] [INFO] [count.gd:7] FRAME : 2926 : /root/MainLevel/HUD/Count Ready ... 
[12:07:21.915] [INFO] [hud.gd:4] FRAME : 2926 : /root/MainLevel/HUD Ready ... 
[12:07:21.915] [INFO] [GameMode.gd:46] FRAME : 2926 :  Setting Character ... 
[12:07:21.915] [INFO] [characters_controller.gd:22]  CharacterController instantiated manequin1 ...
[12:07:21.915] [INFO] [weapon.gd:12] FRAME : 2926 : /root/MainLevel/manequin1/Armature/Skeleton3D/Bone/AssaultRifle1 Instantiated ... AssaultRifle1:<Area3D#104857602245>
[12:07:21.916] [INFO] [animations_controller.gd:10]  AnimationController instantiated AnimationTree ...
[12:07:21.916] [INFO] [GameMode.gd:94] FRAME : 2926 : manequin1:<CharacterBody3D#107374184733> Added to the scene ... 
[12:07:21.916] [INFO] [GameMode.gd:54] FRAME : 2926 :  Emitting TicToc event from GameMode ... 
[12:07:21.916] [INFO] [GameInstance:<Node#81369499505>:170] FRAME : 2926 : Emiting GameInstance Global timer event
[12:07:21.916] [INFO] [EventBus:<Node#80681633258>:103] FRAME : 2926 :  : Emitting event : ( Time_TicToc ) Node(GameInstance.gd)::_on_timer_timeout
[12:07:21.916] [INFO] [EventBus:<Node#80681633258>:162] FRAME : 2926 :  : Executing handler method : { "event": "Time_TicToc", "sender_obj": &"GameInstance", "sender_path": "/root/GameInstance", "sender_method": &"_on_timer_timeout", "listener_obj": &"Hour", "listener_path": "/root/MainLevel/HUD/Hour", "listener_method": &"_showHour", "args": 23, "time": "10:07:21", "date": "2026-08-02", "frame": 2926, "ticks_msec": 27138, "frame_delta_ms": 6.67, "fps": 150.0 }
[12:07:21.916] [INFO] [EventBus:<Node#80681633258>:162] FRAME : 2926 :  : Executing handler method : { "event": "Time_TicToc", "sender_obj": &"GameInstance", "sender_path": "/root/GameInstance", "sender_method": &"_on_timer_timeout", "listener_obj": &"Count", "listener_path": "/root/MainLevel/HUD/Count", "listener_method": &"_showCount", "args": 23, "time": "10:07:21", "date": "2026-08-02", "frame": 2926, "ticks_msec": 27138, "frame_delta_ms": 6.67, "fps": 150.0 }
[12:07:21.916] [INFO] [GameMode.gd:57] FRAME : 2926 : MainLevel Ready ... 
[12:07:21.919] [INFO] [EventBus:<Node#80681633258>:103] FRAME : 2927 :  : Emitting event : ( Movement_Changed ) AnimationTree(Manequin1AnimationsController)::_on_character_movement_component_movementStateChanged
[12:07:21.920] [INFO] [EventBus:<Node#80681633258>:162] FRAME : 2927 :  : Executing handler method : { "event": "Movement_Changed", "sender_obj": &"AnimationTree", "sender_path": "/root/MainLevel/manequin1/AnimationTree", "sender_method": &"_on_character_movement_component_movementStateChanged", "listener_obj": &"MovementMode", "listener_path": "/root/MainLevel/HUD/MovementMode", "listener_method": &"on_MovementChanged", "args": ["Falling", ""], "time": "10:07:21", "date": "2026-08-02", "frame": 2927, "ticks_msec": 27142, "frame_delta_ms": 6.67, "fps": 150.0 }
[12:07:21.920] [INFO] [EventBus:<Node#80681633258>:162] FRAME : 2927 :  : Executing handler method : { "event": "Movement_Changed", "sender_obj": &"AnimationTree", "sender_path": "/root/MainLevel/manequin1/AnimationTree", "sender_method": &"_on_character_movement_component_movementStateChanged", "listener_obj": &"DirectionMode", "listener_path": "/root/MainLevel/HUD/DirectionMode", "listener_method": &"on_MovementChanged", "args": ["Falling", ""], "time": "10:07:21", "date": "2026-08-02", "frame": 2927, "ticks_msec": 27142, "frame_delta_ms": 6.67, "fps": 150.0 }
[12:07:21.921] [INFO] [ConfigRender.gd:268] FRAME : 2927 : [Render] Integrated or low VRAM. SDFGI: OFF 
[12:07:21.921] [INFO] [EventBus:<Node#80681633258>:103] FRAME : 2927 :  : Emitting event : ( GraphicProfile_Changed ) WorldEnvironment(world_environment.gd)::_configure_local_environment
[12:07:21.921] [INFO] [EventBus:<Node#80681633258>:162] FRAME : 2927 :  : Executing handler method : { "event": "GraphicProfile_Changed", "sender_obj": &"WorldEnvironment", "sender_path": "/root/MainLevel/WorldEnvironment", "sender_method": &"_configure_local_environment", "listener_obj": &"GraphicProfile", "listener_path": "/root/MainLevel/HUD/GraphicProfile", "listener_method": &"on_graphicProfileChanged", "args": "LOW", "time": "10:07:21", "date": "2026-08-02", "frame": 2927, "ticks_msec": 27143, "frame_delta_ms": 29.3, "fps": 34.1 }
[12:07:21.921] [INFO] [world_environment.gd:88] FRAME : 2927 : /root/MainLevel/WorldEnvironment Ready ... 
[12:07:21.921] [INFO] [LevelManager:<Node#81453385589>:187] FRAME : 2927 : Finished GPU Warmup for prefabs removed from scene...
[12:07:21.921] [INFO] [LevelManager:<Node#81453385589>:189] FRAME : 2927 : Level changed successfully: MainLevel
[12:07:21.921] [INFO] [LevelManager:<Node#81453385589>:192] FRAME : 2927 : MainLevel:<Node3D#773781981539> is now visble : 
[12:07:21.921] [INFO] [LevelManager:<Node#81453385589>:195] FRAME : 2927 :  Another scene change may occur : 
[12:07:21.921] [INFO] [LevelManager:<Node#81453385589>:199] FRAME : 2927 :  Unhandled Input enabled MainLevel:<Node3D#773781981539>
[12:07:22.064] [INFO] [GameInstance:<Node#81369499505>:170] FRAME : 2934 : Emiting GameInstance Global timer event
[12:07:22.064] [INFO] [EventBus:<Node#80681633258>:103] FRAME : 2934 :  : Emitting event : ( Time_TicToc ) Node(GameInstance.gd)::_on_timer_timeout
[12:07:22.064] [INFO] [EventBus:<Node#80681633258>:162] FRAME : 2934 :  : Executing handler method : { "event": "Time_TicToc", "sender_obj": &"GameInstance", "sender_path": "/root/GameInstance", "sender_method": &"_on_timer_timeout", "listener_obj": &"Hour", "listener_path": "/root/MainLevel/HUD/Hour", "listener_method": &"_showHour", "args": 24, "time": "10:07:22", "date": "2026-08-02", "frame": 2934, "ticks_msec": 27287, "frame_delta_ms": 16.67, "fps": 60.0 }
[12:07:22.064] [INFO] [EventBus:<Node#80681633258>:162] FRAME : 2934 :  : Executing handler method : { "event": "Time_TicToc", "sender_obj": &"GameInstance", "sender_path": "/root/GameInstance", "sender_method": &"_on_timer_timeout", "listener_obj": &"Count", "listener_path": "/root/MainLevel/HUD/Count", "listener_method": &"_showCount", "args": 24, "time": "10:07:22", "date": "2026-08-02", "frame": 2934, "ticks_msec": 27287, "frame_delta_ms": 16.67, "fps": 60.0 }
[12:07:22.563] [INFO] [EventBus:<Node#80681633258>:103] FRAME : 2987 :  : Emitting event : ( Movement_Changed ) AnimationTree(Manequin1AnimationsController)::_on_character_movement_component_movementStateChanged
[12:07:22.563] [INFO] [EventBus:<Node#80681633258>:162] FRAME : 2987 :  : Executing handler method : { "event": "Movement_Changed", "sender_obj": &"AnimationTree", "sender_path": "/root/MainLevel/manequin1/AnimationTree", "sender_method": &"_on_character_movement_component_movementStateChanged", "listener_obj": &"MovementMode", "listener_path": "/root/MainLevel/HUD/MovementMode", "listener_method": &"on_MovementChanged", "args": ["Runing", ""], "time": "10:07:22", "date": "2026-08-02", "frame": 2987, "ticks_msec": 27786, "frame_delta_ms": 9.09, "fps": 110.0 }
[12:07:22.563] [INFO] [EventBus:<Node#80681633258>:162] FRAME : 2987 :  : Executing handler method : { "event": "Movement_Changed", "sender_obj": &"AnimationTree", "sender_path": "/root/MainLevel/manequin1/AnimationTree", "sender_method": &"_on_character_movement_component_movementStateChanged", "listener_obj": &"DirectionMode", "listener_path": "/root/MainLevel/HUD/DirectionMode", "listener_method": &"on_MovementChanged", "args": ["Runing", ""], "time": "10:07:22", "date": "2026-08-02", "frame": 2987, "ticks_msec": 27786, "frame_delta_ms": 9.09, "fps": 110.0 }
[12:07:23.071] [INFO] [GameInstance:<Node#81369499505>:170] FRAME : 3047 : Emiting GameInstance Global timer event
[12:07:23.071] [INFO] [EventBus:<Node#80681633258>:103] FRAME : 3047 :  : Emitting event : ( Time_TicToc ) Node(GameInstance.gd)::_on_timer_timeout
[12:07:23.071] [INFO] [EventBus:<Node#80681633258>:162] FRAME : 3047 :  : Executing handler method : { "event": "Time_TicToc", "sender_obj": &"GameInstance", "sender_path": "/root/GameInstance", "sender_method": &"_on_timer_timeout", "listener_obj": &"Hour", "listener_path": "/root/MainLevel/HUD/Hour", "listener_method": &"_showHour", "args": 25, "time": "10:07:23", "date": "2026-08-02", "frame": 3047, "ticks_msec": 28293, "frame_delta_ms": 9.09, "fps": 110.0 }
[12:07:23.071] [INFO] [EventBus:<Node#80681633258>:162] FRAME : 3047 :  : Executing handler method : { "event": "Time_TicToc", "sender_obj": &"GameInstance", "sender_path": "/root/GameInstance", "sender_method": &"_on_timer_timeout", "listener_obj": &"Count", "listener_path": "/root/MainLevel/HUD/Count", "listener_method": &"_showCount", "args": 25, "time": "10:07:23", "date": "2026-08-02", "frame": 3047, "ticks_msec": 28293, "frame_delta_ms": 9.09, "fps": 110.0 }
[12:07:23.231] [INFO] [EventBus:<Node#80681633258>:103] FRAME : 3066 :  : Emitting event : ( Movement_Changed ) AnimationTree(Manequin1AnimationsController)::_on_character_movement_component_movementStateChanged
[12:07:23.231] [INFO] [EventBus:<Node#80681633258>:162] FRAME : 3066 :  : Executing handler method : { "event": "Movement_Changed", "sender_obj": &"AnimationTree", "sender_path": "/root/MainLevel/manequin1/AnimationTree", "sender_method": &"_on_character_movement_component_movementStateChanged", "listener_obj": &"MovementMode", "listener_path": "/root/MainLevel/HUD/MovementMode", "listener_method": &"on_MovementChanged", "args": ["", "None"], "time": "10:07:23", "date": "2026-08-02", "frame": 3066, "ticks_msec": 28453, "frame_delta_ms": 8.8, "fps": 113.7 }
[12:07:23.231] [INFO] [EventBus:<Node#80681633258>:162] FRAME : 3066 :  : Executing handler method : { "event": "Movement_Changed", "sender_obj": &"AnimationTree", "sender_path": "/root/MainLevel/manequin1/AnimationTree", "sender_method": &"_on_character_movement_component_movementStateChanged", "listener_obj": &"DirectionMode", "listener_path": "/root/MainLevel/HUD/DirectionMode", "listener_method": &"on_MovementChanged", "args": ["", "None"], "time": "10:07:23", "date": "2026-08-02", "frame": 3066, "ticks_msec": 28454, "frame_delta_ms": 8.8, "fps": 113.7 }
[12:07:23.231] [INFO] [EventBus:<Node#80681633258>:103] FRAME : 3066 :  : Emitting event : ( Movement_Changed ) AnimationTree(Manequin1AnimationsController)::_on_character_movement_component_movementStateChanged
[12:07:23.231] [INFO] [EventBus:<Node#80681633258>:162] FRAME : 3066 :  : Executing handler method : { "event": "Movement_Changed", "sender_obj": &"AnimationTree", "sender_path": "/root/MainLevel/manequin1/AnimationTree", "sender_method": &"_on_character_movement_component_movementStateChanged", "listener_obj": &"MovementMode", "listener_path": "/root/MainLevel/HUD/MovementMode", "listener_method": &"on_MovementChanged", "args": ["Idle", ""], "time": "10:07:23", "date": "2026-08-02", "frame": 3066, "ticks_msec": 28454, "frame_delta_ms": 8.8, "fps": 113.7 }
[12:07:23.232] [INFO] [EventBus:<Node#80681633258>:162] FRAME : 3066 :  : Executing handler method : { "event": "Movement_Changed", "sender_obj": &"AnimationTree", "sender_path": "/root/MainLevel/manequin1/AnimationTree", "sender_method": &"_on_character_movement_component_movementStateChanged", "listener_obj": &"DirectionMode", "listener_path": "/root/MainLevel/HUD/DirectionMode", "listener_method": &"on_MovementChanged", "args": ["Idle", ""], "time": "10:07:23", "date": "2026-08-02", "frame": 3066, "ticks_msec": 28454, "frame_delta_ms": 8.8, "fps": 113.7 }
[12:07:23.605] [INFO] [GameInstance:<Node#81369499505>:273] FRAME : 3110 : Pressed ESC key
[12:07:23.605] [INFO] [GameInstance:<Node#81369499505>:286] FRAME : 3110 : Safe quitting...
[12:07:23.605] [INFO] [GameInstance:<Node#81369499505>:60] FRAME : 3110 : Exiting...
[12:07:23.605] [INFO] [GameInstance:<Node#81369499505>:65] FRAME : 3110 : Active prefab released with queue_free: brian:<CharacterBody3D#106451437807>
[12:07:23.605] [INFO] [GameInstance:<Node#81369499505>:65] FRAME : 3110 : Active prefab released with queue_free: man:<CharacterBody3D#106820536581>
[12:07:23.605] [INFO] [GameInstance:<Node#81369499505>:65] FRAME : 3110 : Active prefab released with queue_free: manequin1:<CharacterBody3D#107374184733>
[12:07:23.605] [INFO] [GameInstance:<Node#81369499505>:65] FRAME : 3110 : Active prefab released with queue_free: manequin2:<CharacterBody3D#107692951856>
[12:07:23.605] [INFO] [GameInstance:<Node#81369499505>:65] FRAME : 3110 : Active prefab released with queue_free: remi:<CharacterBody3D#108011718979>
[12:07:23.605] [INFO] [GameInstance:<Node#81369499505>:68] FRAME : 3110 : The prefabs dictionary is cleared...
[12:07:23.605] [INFO] [GameInstance:<Node#81369499505>:71] FRAME : 3110 : The GameInstance Timer is queue_free and set to null for avoiding memory leak : 
[12:07:23.605] [INFO] [GameInstance:<Node#81369499505>:80] FRAME : 3110 : The _materials and _meshes dictionaries are cleared...
[12:07:23.605] [INFO] [GameInstance:<Node#81369499505>:85] FRAME : 3110 : Notification sent to :EventBus
[12:07:23.605] [INFO] [EventBus:<Node#80681633258>:189] FRAME : 3110 :  Cleared the listeners dictionary
[12:07:23.607] [INFO] [EventBus:<Node#80681633258>:209] FRAME : 3110 :  Printing the historical list of events that have taken place:
[
	{
		"args": [
			"Idle",
			""
		],
		"date": "2026-08-02",
		"event": "Movement_Changed",
		"fps": 0.0,
		"frame": 0,
		"frame_delta_ms": 0.0,
		"listener_method": "on_MovementChanged",
		"listener_obj": "MovementMode",
		"listener_path": "/root/MainLevel/HUD/MovementMode",
		"sender_method": "_ready",
		"sender_obj": "manequin2",
		"sender_path": "/root/MainLevel/manequin2",
		"ticks_msec": 3422,
		"time": "10:06:58"
	},
	{
		"args": [
			"Idle",
			""
		],
		"date": "2026-08-02",
		"event": "Movement_Changed",
		"fps": 0.0,
		"frame": 0,
		"frame_delta_ms": 0.0,
		"listener_method": "on_MovementChanged",
		"listener_obj": "DirectionMode",
		"listener_path": "/root/MainLevel/HUD/DirectionMode",
		"sender_method": "_ready",
		"sender_obj": "manequin2",
		"sender_path": "/root/MainLevel/manequin2",
		"ticks_msec": 3422,
		"time": "10:06:58"
	},
	{
		"args": "FULL",
		"date": "2026-08-02",
		"event": "CameraMode_Changed",
		"fps": 0.0,
		"frame": 0,
		"frame_delta_ms": 0.0,
		"listener_method": "on_cameraChanged",
		"listener_obj": "CameraMode",
		"listener_path": "/root/MainLevel/HUD/CameraMode",
		"sender_method": "_ready",
		"sender_obj": "manequin2",
		"sender_path": "/root/MainLevel/manequin2",
		"ticks_msec": 3422,
		"time": "10:06:58"
	},
	{
		"args": 0,
		"date": "2026-08-02",
		"event": "Time_TicToc",
		"fps": 0.0,
		"frame": 0,
		"frame_delta_ms": 0.0,
		"listener_method": "_showHour",
		"listener_obj": "Hour",
		"listener_path": "/root/MainLevel/HUD/Hour",
		"sender_method": "_on_timer_timeout",
		"sender_obj": "GameInstance",
		"sender_path": "/root/GameInstance",
		"ticks_msec": 3422,
		"time": "10:06:58"
	},
	{
		"args": 0,
		"date": "2026-08-02",
		"event": "Time_TicToc",
		"fps": 0.0,
		"frame": 0,
		"frame_delta_ms": 0.0,
		"listener_method": "_showCount",
		"listener_obj": "Count",
		"listener_path": "/root/MainLevel/HUD/Count",
		"sender_method": "_on_timer_timeout",
		"sender_obj": "GameInstance",
		"sender_path": "/root/GameInstance",
		"ticks_msec": 3423,
		"time": "10:06:58"
	},
	{
		"args": [
			"Falling",
			""
		],
		"date": "2026-08-02",
		"event": "Movement_Changed",
		"fps": 0.0,
		"frame": 0,
		"frame_delta_ms": 0.0,
		"listener_method": "on_MovementChanged",
		"listener_obj": "MovementMode",
		"listener_path": "/root/MainLevel/HUD/MovementMode",
		"sender_method": "_on_character_movement_component_movementStateChanged",
		"sender_obj": "AnimationTree",
		"sender_path": "/root/MainLevel/manequin2/AnimationTree",
		"ticks_msec": 3431,
		"time": "10:06:58"
	},
	{
		"args": [
			"Falling",
			""
		],
		"date": "2026-08-02",
		"event": "Movement_Changed",
		"fps": 0.0,
		"frame": 0,
		"frame_delta_ms": 0.0,
		"listener_method": "on_MovementChanged",
		"listener_obj": "DirectionMode",
		"listener_path": "/root/MainLevel/HUD/DirectionMode",
		"sender_method": "_on_character_movement_component_movementStateChanged",
		"sender_obj": "AnimationTree",
		"sender_path": "/root/MainLevel/manequin2/AnimationTree",
		"ticks_msec": 3431,
		"time": "10:06:58"
	},
	{
		"args": "LOW",
		"date": "2026-08-02",
		"event": "GraphicProfile_Changed",
		"fps": 6.8,
		"frame": 0,
		"frame_delta_ms": 147.45,
		"listener_method": "on_graphicProfileChanged",
		"listener_obj": "GraphicProfile",
		"listener_path": "/root/MainLevel/HUD/GraphicProfile",
		"sender_method": "_configure_local_environment",
		"sender_obj": "WorldEnvironment",
		"sender_path": "/root/MainLevel/WorldEnvironment",
		"ticks_msec": 3450,
		"time": "10:06:58"
	},
	{
		"args": [
			"",
			"None"
		],
		"date": "2026-08-02",
		"event": "Movement_Changed",
		"fps": 120.0,
		"frame": 32,
		"frame_delta_ms": 8.33,
		"listener_method": "on_MovementChanged",
		"listener_obj": "MovementMode",
		"listener_path": "/root/MainLevel/HUD/MovementMode",
		"sender_method": "_on_character_movement_component_movementStateChanged",
		"sender_obj": "AnimationTree",
		"sender_path": "/root/MainLevel/manequin2/AnimationTree",
		"ticks_msec": 3984,
		"time": "10:06:58"
	},
	{
		"args": [
			"",
			"None"
		],
		"date": "2026-08-02",
		"event": "Movement_Changed",
		"fps": 120.0,
		"frame": 32,
		"frame_delta_ms": 8.33,
		"listener_method": "on_MovementChanged",
		"listener_obj": "DirectionMode",
		"listener_path": "/root/MainLevel/HUD/DirectionMode",
		"sender_method": "_on_character_movement_component_movementStateChanged",
		"sender_obj": "AnimationTree",
		"sender_path": "/root/MainLevel/manequin2/AnimationTree",
		"ticks_msec": 3984,
		"time": "10:06:58"
	},
	{
		"args": [
			"Idle",
			""
		],
		"date": "2026-08-02",
		"event": "Movement_Changed",
		"fps": 120.0,
		"frame": 32,
		"frame_delta_ms": 8.33,
		"listener_method": "on_MovementChanged",
		"listener_obj": "MovementMode",
		"listener_path": "/root/MainLevel/HUD/MovementMode",
		"sender_method": "_on_character_movement_component_movementStateChanged",
		"sender_obj": "AnimationTree",
		"sender_path": "/root/MainLevel/manequin2/AnimationTree",
		"ticks_msec": 3985,
		"time": "10:06:58"
	},
	{
		"args": [
			"Idle",
			""
		],
		"date": "2026-08-02",
		"event": "Movement_Changed",
		"fps": 120.0,
		"frame": 32,
		"frame_delta_ms": 8.33,
		"listener_method": "on_MovementChanged",
		"listener_obj": "DirectionMode",
		"listener_path": "/root/MainLevel/HUD/DirectionMode",
		"sender_method": "_on_character_movement_component_movementStateChanged",
		"sender_obj": "AnimationTree",
		"sender_path": "/root/MainLevel/manequin2/AnimationTree",
		"ticks_msec": 3985,
		"time": "10:06:58"
	},
	{
		"args": 1,
		"date": "2026-08-02",
		"event": "Time_TicToc",
		"fps": 120.0,
		"frame": 68,
		"frame_delta_ms": 8.33,
		"listener_method": "_showHour",
		"listener_obj": "Hour",
		"listener_path": "/root/MainLevel/HUD/Hour",
		"sender_method": "_on_timer_timeout",
		"sender_obj": "GameInstance",
		"sender_path": "/root/GameInstance",
		"ticks_msec": 4289,
		"time": "10:06:59"
	},
	{
		"args": 1,
		"date": "2026-08-02",
		"event": "Time_TicToc",
		"fps": 120.0,
		"frame": 68,
		"frame_delta_ms": 8.33,
		"listener_method": "_showCount",
		"listener_obj": "Count",
		"listener_path": "/root/MainLevel/HUD/Count",
		"sender_method": "_on_timer_timeout",
		"sender_obj": "GameInstance",
		"sender_path": "/root/GameInstance",
		"ticks_msec": 4289,
		"time": "10:06:59"
	},
	{
		"args": [
			"",
			"Forward"
		],
		"date": "2026-08-02",
		"event": "Movement_Changed",
		"fps": 112.1,
		"frame": 150,
		"frame_delta_ms": 8.92,
		"listener_method": "on_MovementChanged",
		"listener_obj": "MovementMode",
		"listener_path": "/root/MainLevel/HUD/MovementMode",
		"sender_method": "_on_character_movement_component_movementStateChanged",
		"sender_obj": "AnimationTree",
		"sender_path": "/root/MainLevel/manequin2/AnimationTree",
		"ticks_msec": 4983,
		"time": "10:06:59"
	},
	{
		"args": [
			"",
			"Forward"
		],
		"date": "2026-08-02",
		"event": "Movement_Changed",
		"fps": 112.1,
		"frame": 150,
		"frame_delta_ms": 8.92,
		"listener_method": "on_MovementChanged",
		"listener_obj": "DirectionMode",
		"listener_path": "/root/MainLevel/HUD/DirectionMode",
		"sender_method": "_on_character_movement_component_movementStateChanged",
		"sender_obj": "AnimationTree",
		"sender_path": "/root/MainLevel/manequin2/AnimationTree",
		"ticks_msec": 4984,
		"time": "10:06:59"
	},
	{
		"args": [
			"Runing",
			""
		],
		"date": "2026-08-02",
		"event": "Movement_Changed",
		"fps": 112.1,
		"frame": 150,
		"frame_delta_ms": 8.92,
		"listener_method": "on_MovementChanged",
		"listener_obj": "MovementMode",
		"listener_path": "/root/MainLevel/HUD/MovementMode",
		"sender_method": "_on_character_movement_component_movementStateChanged",
		"sender_obj": "AnimationTree",
		"sender_path": "/root/MainLevel/manequin2/AnimationTree",
		"ticks_msec": 4984,
		"time": "10:06:59"
	},
	{
		"args": [
			"Runing",
			""
		],
		"date": "2026-08-02",
		"event": "Movement_Changed",
		"fps": 112.1,
		"frame": 150,
		"frame_delta_ms": 8.92,
		"listener_method": "on_MovementChanged",
		"listener_obj": "DirectionMode",
		"listener_path": "/root/MainLevel/HUD/DirectionMode",
		"sender_method": "_on_character_movement_component_movementStateChanged",
		"sender_obj": "AnimationTree",
		"sender_path": "/root/MainLevel/manequin2/AnimationTree",
		"ticks_msec": 4984,
		"time": "10:06:59"
	},
	{
		"args": 2,
		"date": "2026-08-02",
		"event": "Time_TicToc",
		"fps": 118.2,
		"frame": 186,
		"frame_delta_ms": 8.46,
		"listener_method": "_showHour",
		"listener_obj": "Hour",
		"listener_path": "/root/MainLevel/HUD/Hour",
		"sender_method": "_on_timer_timeout",
		"sender_obj": "GameInstance",
		"sender_path": "/root/GameInstance",
		"ticks_msec": 5291,
		"time": "10:07:00"
	},
	{
		"args": 2,
		"date": "2026-08-02",
		"event": "Time_TicToc",
		"fps": 118.2,
		"frame": 186,
		"frame_delta_ms": 8.46,
		"listener_method": "_showCount",
		"listener_obj": "Count",
		"listener_path": "/root/MainLevel/HUD/Count",
		"sender_method": "_on_timer_timeout",
		"sender_obj": "GameInstance",
		"sender_path": "/root/GameInstance",
		"ticks_msec": 5291,
		"time": "10:07:00"
	},
	{
		"args": 3,
		"date": "2026-08-02",
		"event": "Time_TicToc",
		"fps": 110.0,
		"frame": 301,
		"frame_delta_ms": 9.09,
		"listener_method": "_showHour",
		"listener_obj": "Hour",
		"listener_path": "/root/MainLevel/HUD/Hour",
		"sender_method": "_on_timer_timeout",
		"sender_obj": "GameInstance",
		"sender_path": "/root/GameInstance",
		"ticks_msec": 6289,
		"time": "10:07:01"
	},
	{
		"args": 3,
		"date": "2026-08-02",
		"event": "Time_TicToc",
		"fps": 110.0,
		"frame": 301,
		"frame_delta_ms": 9.09,
		"listener_method": "_showCount",
		"listener_obj": "Count",
		"listener_path": "/root/MainLevel/HUD/Count",
		"sender_method": "_on_timer_timeout",
		"sender_obj": "GameInstance",
		"sender_path": "/root/GameInstance",
		"ticks_msec": 6289,
		"time": "10:07:01"
	},
	{
		"args": 4,
		"date": "2026-08-02",
		"event": "Time_TicToc",
		"fps": 110.0,
		"frame": 413,
		"frame_delta_ms": 9.09,
		"listener_method": "_showHour",
		"listener_obj": "Hour",
		"listener_path": "/root/MainLevel/HUD/Hour",
		"sender_method": "_on_timer_timeout",
		"sender_obj": "GameInstance",
		"sender_path": "/root/GameInstance",
		"ticks_msec": 7288,
		"time": "10:07:02"
	},
	{
		"args": 4,
		"date": "2026-08-02",
		"event": "Time_TicToc",
		"fps": 110.0,
		"frame": 413,
		"frame_delta_ms": 9.09,
		"listener_method": "_showCount",
		"listener_obj": "Count",
		"listener_path": "/root/MainLevel/HUD/Count",
		"sender_method": "_on_timer_timeout",
		"sender_obj": "GameInstance",
		"sender_path": "/root/GameInstance",
		"ticks_msec": 7289,
		"time": "10:07:02"
	},
	{
		"args": 5,
		"date": "2026-08-02",
		"event": "Time_TicToc",
		"fps": 115.2,
		"frame": 528,
		"frame_delta_ms": 8.68,
		"listener_method": "_showHour",
		"listener_obj": "Hour",
		"listener_path": "/root/MainLevel/HUD/Hour",
		"sender_method": "_on_timer_timeout",
		"sender_obj": "GameInstance",
		"sender_path": "/root/GameInstance",
		"ticks_msec": 8284,
		"time": "10:07:03"
	},
	{
		"args": 5,
		"date": "2026-08-02",
		"event": "Time_TicToc",
		"fps": 115.2,
		"frame": 528,
		"frame_delta_ms": 8.68,
		"listener_method": "_showCount",
		"listener_obj": "Count",
		"listener_path": "/root/MainLevel/HUD/Count",
		"sender_method": "_on_timer_timeout",
		"sender_obj": "GameInstance",
		"sender_path": "/root/GameInstance",
		"ticks_msec": 8284,
		"time": "10:07:03"
	},
	{
		"args": 6,
		"date": "2026-08-02",
		"event": "Time_TicToc",
		"fps": 110.0,
		"frame": 643,
		"frame_delta_ms": 9.09,
		"listener_method": "_showHour",
		"listener_obj": "Hour",
		"listener_path": "/root/MainLevel/HUD/Hour",
		"sender_method": "_on_timer_timeout",
		"sender_obj": "GameInstance",
		"sender_path": "/root/GameInstance",
		"ticks_msec": 9286,
		"time": "10:07:04"
	},
	{
		"args": 6,
		"date": "2026-08-02",
		"event": "Time_TicToc",
		"fps": 110.0,
		"frame": 643,
		"frame_delta_ms": 9.09,
		"listener_method": "_showCount",
		"listener_obj": "Count",
		"listener_path": "/root/MainLevel/HUD/Count",
		"sender_method": "_on_timer_timeout",
		"sender_obj": "GameInstance",
		"sender_path": "/root/GameInstance",
		"ticks_msec": 9286,
		"time": "10:07:04"
	},
	{
		"args": 7,
		"date": "2026-08-02",
		"event": "Time_TicToc",
		"fps": 113.1,
		"frame": 758,
		"frame_delta_ms": 8.84,
		"listener_method": "_showHour",
		"listener_obj": "Hour",
		"listener_path": "/root/MainLevel/HUD/Hour",
		"sender_method": "_on_timer_timeout",
		"sender_obj": "GameInstance",
		"sender_path": "/root/GameInstance",
		"ticks_msec": 10286,
		"time": "10:07:05"
	},
	{
		"args": 7,
		"date": "2026-08-02",
		"event": "Time_TicToc",
		"fps": 113.1,
		"frame": 758,
		"frame_delta_ms": 8.84,
		"listener_method": "_showCount",
		"listener_obj": "Count",
		"listener_path": "/root/MainLevel/HUD/Count",
		"sender_method": "_on_timer_timeout",
		"sender_obj": "GameInstance",
		"sender_path": "/root/GameInstance",
		"ticks_msec": 10286,
		"time": "10:07:05"
	},
	{
		"args": 8,
		"date": "2026-08-02",
		"event": "Time_TicToc",
		"fps": 110.0,
		"frame": 873,
		"frame_delta_ms": 9.09,
		"listener_method": "_showHour",
		"listener_obj": "Hour",
		"listener_path": "/root/MainLevel/HUD/Hour",
		"sender_method": "_on_timer_timeout",
		"sender_obj": "GameInstance",
		"sender_path": "/root/GameInstance",
		"ticks_msec": 11288,
		"time": "10:07:06"
	},
	{
		"args": 8,
		"date": "2026-08-02",
		"event": "Time_TicToc",
		"fps": 110.0,
		"frame": 873,
		"frame_delta_ms": 9.09,
		"listener_method": "_showCount",
		"listener_obj": "Count",
		"listener_path": "/root/MainLevel/HUD/Count",
		"sender_method": "_on_timer_timeout",
		"sender_obj": "GameInstance",
		"sender_path": "/root/GameInstance",
		"ticks_msec": 11288,
		"time": "10:07:06"
	},
	{
		"args": [
			"Runing",
			""
		],
		"date": "2026-08-02",
		"event": "Movement_Changed",
		"fps": 119.8,
		"frame": 943,
		"frame_delta_ms": 8.35,
		"listener_method": "on_MovementChanged",
		"listener_obj": "MovementMode",
		"listener_path": "/root/MainLevel/HUD/MovementMode",
		"sender_method": "_on_body_entered",
		"sender_obj": "WeaponArea",
		"sender_path": "/root/MainLevel/World/WeaponArea",
		"ticks_msec": 11887,
		"time": "10:07:06"
	},
	{
		"args": [
			"Runing",
			""
		],
		"date": "2026-08-02",
		"event": "Movement_Changed",
		"fps": 119.8,
		"frame": 943,
		"frame_delta_ms": 8.35,
		"listener_method": "on_MovementChanged",
		"listener_obj": "DirectionMode",
		"listener_path": "/root/MainLevel/HUD/DirectionMode",
		"sender_method": "_on_body_entered",
		"sender_obj": "WeaponArea",
		"sender_path": "/root/MainLevel/World/WeaponArea",
		"ticks_msec": 11887,
		"time": "10:07:06"
	},
	{
		"args": [
			"Runing",
			""
		],
		"date": "2026-08-02",
		"event": "Movement_Changed",
		"fps": 119.8,
		"frame": 943,
		"frame_delta_ms": 8.35,
		"listener_method": "on_MovementChanged",
		"listener_obj": "MovementMode",
		"listener_path": "/root/MainLevel/HUD/MovementMode",
		"sender_method": "_on_character_movement_component_movementStateChanged",
		"sender_obj": "AnimationTree",
		"sender_path": "/root/MainLevel/manequin2/AnimationTree",
		"ticks_msec": 11888,
		"time": "10:07:06"
	},
	{
		"args": [
			"Runing",
			""
		],
		"date": "2026-08-02",
		"event": "Movement_Changed",
		"fps": 119.8,
		"frame": 943,
		"frame_delta_ms": 8.35,
		"listener_method": "on_MovementChanged",
		"listener_obj": "DirectionMode",
		"listener_path": "/root/MainLevel/HUD/DirectionMode",
		"sender_method": "_on_character_movement_component_movementStateChanged",
		"sender_obj": "AnimationTree",
		"sender_path": "/root/MainLevel/manequin2/AnimationTree",
		"ticks_msec": 11888,
		"time": "10:07:06"
	},
	{
		"args": 9,
		"date": "2026-08-02",
		"event": "Time_TicToc",
		"fps": 120.0,
		"frame": 989,
		"frame_delta_ms": 8.33,
		"listener_method": "_showHour",
		"listener_obj": "Hour",
		"listener_path": "/root/MainLevel/HUD/Hour",
		"sender_method": "_on_timer_timeout",
		"sender_obj": "GameInstance",
		"sender_path": "/root/GameInstance",
		"ticks_msec": 12283,
		"time": "10:07:07"
	},
	{
		"args": 9,
		"date": "2026-08-02",
		"event": "Time_TicToc",
		"fps": 120.0,
		"frame": 989,
		"frame_delta_ms": 8.33,
		"listener_method": "_showCount",
		"listener_obj": "Count",
		"listener_path": "/root/MainLevel/HUD/Count",
		"sender_method": "_on_timer_timeout",
		"sender_obj": "GameInstance",
		"sender_path": "/root/GameInstance",
		"ticks_msec": 12283,
		"time": "10:07:07"
	},
	{
		"args": 10,
		"date": "2026-08-02",
		"event": "Time_TicToc",
		"fps": 120.0,
		"frame": 1106,
		"frame_delta_ms": 8.33,
		"listener_method": "_showHour",
		"listener_obj": "Hour",
		"listener_path": "/root/MainLevel/HUD/Hour",
		"sender_method": "_on_timer_timeout",
		"sender_obj": "GameInstance",
		"sender_path": "/root/GameInstance",
		"ticks_msec": 13288,
		"time": "10:07:08"
	},
	{
		"args": 10,
		"date": "2026-08-02",
		"event": "Time_TicToc",
		"fps": 120.0,
		"frame": 1106,
		"frame_delta_ms": 8.33,
		"listener_method": "_showCount",
		"listener_obj": "Count",
		"listener_path": "/root/MainLevel/HUD/Count",
		"sender_method": "_on_timer_timeout",
		"sender_obj": "GameInstance",
		"sender_path": "/root/GameInstance",
		"ticks_msec": 13288,
		"time": "10:07:08"
	},
	{
		"args": 11,
		"date": "2026-08-02",
		"event": "Time_TicToc",
		"fps": 116.3,
		"frame": 1223,
		"frame_delta_ms": 8.6,
		"listener_method": "_showHour",
		"listener_obj": "Hour",
		"listener_path": "/root/MainLevel/HUD/Hour",
		"sender_method": "_on_timer_timeout",
		"sender_obj": "GameInstance",
		"sender_path": "/root/GameInstance",
		"ticks_msec": 14292,
		"time": "10:07:09"
	},
	{
		"args": 11,
		"date": "2026-08-02",
		"event": "Time_TicToc",
		"fps": 116.3,
		"frame": 1223,
		"frame_delta_ms": 8.6,
		"listener_method": "_showCount",
		"listener_obj": "Count",
		"listener_path": "/root/MainLevel/HUD/Count",
		"sender_method": "_on_timer_timeout",
		"sender_obj": "GameInstance",
		"sender_path": "/root/GameInstance",
		"ticks_msec": 14292,
		"time": "10:07:09"
	},
	{
		"args": 12,
		"date": "2026-08-02",
		"event": "Time_TicToc",
		"fps": 116.4,
		"frame": 1337,
		"frame_delta_ms": 8.59,
		"listener_method": "_showHour",
		"listener_obj": "Hour",
		"listener_path": "/root/MainLevel/HUD/Hour",
		"sender_method": "_on_timer_timeout",
		"sender_obj": "GameInstance",
		"sender_path": "/root/GameInstance",
		"ticks_msec": 15287,
		"time": "10:07:10"
	},
	{
		"args": 12,
		"date": "2026-08-02",
		"event": "Time_TicToc",
		"fps": 116.4,
		"frame": 1337,
		"frame_delta_ms": 8.59,
		"listener_method": "_showCount",
		"listener_obj": "Count",
		"listener_path": "/root/MainLevel/HUD/Count",
		"sender_method": "_on_timer_timeout",
		"sender_obj": "GameInstance",
		"sender_path": "/root/GameInstance",
		"ticks_msec": 15287,
		"time": "10:07:10"
	},
	{
		"args": 13,
		"date": "2026-08-02",
		"event": "Time_TicToc",
		"fps": 118.2,
		"frame": 1452,
		"frame_delta_ms": 8.46,
		"listener_method": "_showHour",
		"listener_obj": "Hour",
		"listener_path": "/root/MainLevel/HUD/Hour",
		"sender_method": "_on_timer_timeout",
		"sender_obj": "GameInstance",
		"sender_path": "/root/GameInstance",
		"ticks_msec": 16284,
		"time": "10:07:11"
	},
	{
		"args": 13,
		"date": "2026-08-02",
		"event": "Time_TicToc",
		"fps": 118.2,
		"frame": 1452,
		"frame_delta_ms": 8.46,
		"listener_method": "_showCount",
		"listener_obj": "Count",
		"listener_path": "/root/MainLevel/HUD/Count",
		"sender_method": "_on_timer_timeout",
		"sender_obj": "GameInstance",
		"sender_path": "/root/GameInstance",
		"ticks_msec": 16284,
		"time": "10:07:11"
	},
	{
		"args": 14,
		"date": "2026-08-02",
		"event": "Time_TicToc",
		"fps": 120.0,
		"frame": 1568,
		"frame_delta_ms": 8.33,
		"listener_method": "_showHour",
		"listener_obj": "Hour",
		"listener_path": "/root/MainLevel/HUD/Hour",
		"sender_method": "_on_timer_timeout",
		"sender_obj": "GameInstance",
		"sender_path": "/root/GameInstance",
		"ticks_msec": 17283,
		"time": "10:07:12"
	},
	{
		"args": 14,
		"date": "2026-08-02",
		"event": "Time_TicToc",
		"fps": 120.0,
		"frame": 1568,
		"frame_delta_ms": 8.33,
		"listener_method": "_showCount",
		"listener_obj": "Count",
		"listener_path": "/root/MainLevel/HUD/Count",
		"sender_method": "_on_timer_timeout",
		"sender_obj": "GameInstance",
		"sender_path": "/root/GameInstance",
		"ticks_msec": 17283,
		"time": "10:07:12"
	},
	{
		"args": 14,
		"date": "2026-08-02",
		"event": "Time_TicToc",
		"fps": 120.0,
		"frame": 1671,
		"frame_delta_ms": 8.33,
		"listener_method": "_showHour",
		"listener_obj": "Hour",
		"listener_path": "/root/SecondLevel/HUD/Hour",
		"sender_method": "_on_timer_timeout",
		"sender_obj": "GameInstance",
		"sender_path": "/root/GameInstance",
		"ticks_msec": 18205,
		"time": "10:07:12"
	},
	{
		"args": 14,
		"date": "2026-08-02",
		"event": "Time_TicToc",
		"fps": 120.0,
		"frame": 1671,
		"frame_delta_ms": 8.33,
		"listener_method": "_showCount",
		"listener_obj": "Count",
		"listener_path": "/root/SecondLevel/HUD/Count",
		"sender_method": "_on_timer_timeout",
		"sender_obj": "GameInstance",
		"sender_path": "/root/GameInstance",
		"ticks_msec": 18205,
		"time": "10:07:12"
	},
	{
		"args": [
			"Falling",
			""
		],
		"date": "2026-08-02",
		"event": "Movement_Changed",
		"fps": 120.0,
		"frame": 1672,
		"frame_delta_ms": 8.33,
		"listener_method": "on_MovementChanged",
		"listener_obj": "MovementMode",
		"listener_path": "/root/SecondLevel/HUD/MovementMode",
		"sender_method": "_on_character_movement_component_movementStateChanged",
		"sender_obj": "AnimationTree",
		"sender_path": "/root/SecondLevel/manequin2/AnimationTree",
		"ticks_msec": 18212,
		"time": "10:07:12"
	},
	{
		"args": [
			"Falling",
			""
		],
		"date": "2026-08-02",
		"event": "Movement_Changed",
		"fps": 120.0,
		"frame": 1672,
		"frame_delta_ms": 8.33,
		"listener_method": "on_MovementChanged",
		"listener_obj": "DirectionMode",
		"listener_path": "/root/SecondLevel/HUD/DirectionMode",
		"sender_method": "_on_character_movement_component_movementStateChanged",
		"sender_obj": "AnimationTree",
		"sender_path": "/root/SecondLevel/manequin2/AnimationTree",
		"ticks_msec": 18212,
		"time": "10:07:12"
	},
	{
		"args": "LOW",
		"date": "2026-08-02",
		"event": "GraphicProfile_Changed",
		"fps": 70.5,
		"frame": 1672,
		"frame_delta_ms": 14.19,
		"listener_method": "on_graphicProfileChanged",
		"listener_obj": "GraphicProfile",
		"listener_path": "/root/SecondLevel/HUD/GraphicProfile",
		"sender_method": "_configure_local_environment",
		"sender_obj": "WorldEnvironment",
		"sender_path": "/root/SecondLevel/WorldEnvironment",
		"ticks_msec": 18212,
		"time": "10:07:12"
	},
	{
		"args": 15,
		"date": "2026-08-02",
		"event": "Time_TicToc",
		"fps": 60.0,
		"frame": 1676,
		"frame_delta_ms": 16.67,
		"listener_method": "_showHour",
		"listener_obj": "Hour",
		"listener_path": "/root/SecondLevel/HUD/Hour",
		"sender_method": "_on_timer_timeout",
		"sender_obj": "GameInstance",
		"sender_path": "/root/GameInstance",
		"ticks_msec": 18300,
		"time": "10:07:13"
	},
	{
		"args": 15,
		"date": "2026-08-02",
		"event": "Time_TicToc",
		"fps": 60.0,
		"frame": 1676,
		"frame_delta_ms": 16.67,
		"listener_method": "_showCount",
		"listener_obj": "Count",
		"listener_path": "/root/SecondLevel/HUD/Count",
		"sender_method": "_on_timer_timeout",
		"sender_obj": "GameInstance",
		"sender_path": "/root/GameInstance",
		"ticks_msec": 18300,
		"time": "10:07:13"
	},
	{
		"args": [
			"Runing",
			""
		],
		"date": "2026-08-02",
		"event": "Movement_Changed",
		"fps": 150.0,
		"frame": 1764,
		"frame_delta_ms": 6.67,
		"listener_method": "on_MovementChanged",
		"listener_obj": "MovementMode",
		"listener_path": "/root/SecondLevel/HUD/MovementMode",
		"sender_method": "_on_character_movement_component_movementStateChanged",
		"sender_obj": "AnimationTree",
		"sender_path": "/root/SecondLevel/manequin2/AnimationTree",
		"ticks_msec": 18955,
		"time": "10:07:13"
	},
	{
		"args": [
			"Runing",
			""
		],
		"date": "2026-08-02",
		"event": "Movement_Changed",
		"fps": 150.0,
		"frame": 1764,
		"frame_delta_ms": 6.67,
		"listener_method": "on_MovementChanged",
		"listener_obj": "DirectionMode",
		"listener_path": "/root/SecondLevel/HUD/DirectionMode",
		"sender_method": "_on_character_movement_component_movementStateChanged",
		"sender_obj": "AnimationTree",
		"sender_path": "/root/SecondLevel/manequin2/AnimationTree",
		"ticks_msec": 18955,
		"time": "10:07:13"
	},
	{
		"args": 16,
		"date": "2026-08-02",
		"event": "Time_TicToc",
		"fps": 159.8,
		"frame": 1815,
		"frame_delta_ms": 6.26,
		"listener_method": "_showHour",
		"listener_obj": "Hour",
		"listener_path": "/root/SecondLevel/HUD/Hour",
		"sender_method": "_on_timer_timeout",
		"sender_obj": "GameInstance",
		"sender_path": "/root/GameInstance",
		"ticks_msec": 19288,
		"time": "10:07:14"
	},
	{
		"args": 16,
		"date": "2026-08-02",
		"event": "Time_TicToc",
		"fps": 159.8,
		"frame": 1815,
		"frame_delta_ms": 6.26,
		"listener_method": "_showCount",
		"listener_obj": "Count",
		"listener_path": "/root/SecondLevel/HUD/Count",
		"sender_method": "_on_timer_timeout",
		"sender_obj": "GameInstance",
		"sender_path": "/root/GameInstance",
		"ticks_msec": 19288,
		"time": "10:07:14"
	},
	{
		"args": [
			"",
			"Straif Right"
		],
		"date": "2026-08-02",
		"event": "Movement_Changed",
		"fps": 150.0,
		"frame": 1891,
		"frame_delta_ms": 6.67,
		"listener_method": "on_MovementChanged",
		"listener_obj": "MovementMode",
		"listener_path": "/root/SecondLevel/HUD/MovementMode",
		"sender_method": "_on_character_movement_component_movementStateChanged",
		"sender_obj": "AnimationTree",
		"sender_path": "/root/SecondLevel/manequin2/AnimationTree",
		"ticks_msec": 19787,
		"time": "10:07:14"
	},
	{
		"args": [
			"",
			"Straif Right"
		],
		"date": "2026-08-02",
		"event": "Movement_Changed",
		"fps": 150.0,
		"frame": 1891,
		"frame_delta_ms": 6.67,
		"listener_method": "on_MovementChanged",
		"listener_obj": "DirectionMode",
		"listener_path": "/root/SecondLevel/HUD/DirectionMode",
		"sender_method": "_on_character_movement_component_movementStateChanged",
		"sender_obj": "AnimationTree",
		"sender_path": "/root/SecondLevel/manequin2/AnimationTree",
		"ticks_msec": 19787,
		"time": "10:07:14"
	},
	{
		"args": [
			"",
			"Forward"
		],
		"date": "2026-08-02",
		"event": "Movement_Changed",
		"fps": 144.0,
		"frame": 1960,
		"frame_delta_ms": 6.94,
		"listener_method": "on_MovementChanged",
		"listener_obj": "MovementMode",
		"listener_path": "/root/SecondLevel/HUD/MovementMode",
		"sender_method": "_on_character_movement_component_movementStateChanged",
		"sender_obj": "AnimationTree",
		"sender_path": "/root/SecondLevel/manequin2/AnimationTree",
		"ticks_msec": 20262,
		"time": "10:07:15"
	},
	{
		"args": [
			"",
			"Forward"
		],
		"date": "2026-08-02",
		"event": "Movement_Changed",
		"fps": 144.0,
		"frame": 1960,
		"frame_delta_ms": 6.94,
		"listener_method": "on_MovementChanged",
		"listener_obj": "DirectionMode",
		"listener_path": "/root/SecondLevel/HUD/DirectionMode",
		"sender_method": "_on_character_movement_component_movementStateChanged",
		"sender_obj": "AnimationTree",
		"sender_path": "/root/SecondLevel/manequin2/AnimationTree",
		"ticks_msec": 20262,
		"time": "10:07:15"
	},
	{
		"args": 17,
		"date": "2026-08-02",
		"event": "Time_TicToc",
		"fps": 144.0,
		"frame": 1965,
		"frame_delta_ms": 6.94,
		"listener_method": "_showHour",
		"listener_obj": "Hour",
		"listener_path": "/root/SecondLevel/HUD/Hour",
		"sender_method": "_on_timer_timeout",
		"sender_obj": "GameInstance",
		"sender_path": "/root/GameInstance",
		"ticks_msec": 20295,
		"time": "10:07:15"
	},
	{
		"args": 17,
		"date": "2026-08-02",
		"event": "Time_TicToc",
		"fps": 144.0,
		"frame": 1965,
		"frame_delta_ms": 6.94,
		"listener_method": "_showCount",
		"listener_obj": "Count",
		"listener_path": "/root/SecondLevel/HUD/Count",
		"sender_method": "_on_timer_timeout",
		"sender_obj": "GameInstance",
		"sender_path": "/root/GameInstance",
		"ticks_msec": 20296,
		"time": "10:07:15"
	},
	{
		"args": [
			"",
			"Straif Right"
		],
		"date": "2026-08-02",
		"event": "Movement_Changed",
		"fps": 144.0,
		"frame": 2074,
		"frame_delta_ms": 6.94,
		"listener_method": "on_MovementChanged",
		"listener_obj": "MovementMode",
		"listener_path": "/root/SecondLevel/HUD/MovementMode",
		"sender_method": "_on_character_movement_component_movementStateChanged",
		"sender_obj": "AnimationTree",
		"sender_path": "/root/SecondLevel/manequin2/AnimationTree",
		"ticks_msec": 21055,
		"time": "10:07:15"
	},
	{
		"args": [
			"",
			"Straif Right"
		],
		"date": "2026-08-02",
		"event": "Movement_Changed",
		"fps": 144.0,
		"frame": 2074,
		"frame_delta_ms": 6.94,
		"listener_method": "on_MovementChanged",
		"listener_obj": "DirectionMode",
		"listener_path": "/root/SecondLevel/HUD/DirectionMode",
		"sender_method": "_on_character_movement_component_movementStateChanged",
		"sender_obj": "AnimationTree",
		"sender_path": "/root/SecondLevel/manequin2/AnimationTree",
		"ticks_msec": 21055,
		"time": "10:07:15"
	},
	{
		"args": 18,
		"date": "2026-08-02",
		"event": "Time_TicToc",
		"fps": 144.0,
		"frame": 2107,
		"frame_delta_ms": 6.94,
		"listener_method": "_showHour",
		"listener_obj": "Hour",
		"listener_path": "/root/SecondLevel/HUD/Hour",
		"sender_method": "_on_timer_timeout",
		"sender_obj": "GameInstance",
		"sender_path": "/root/GameInstance",
		"ticks_msec": 21281,
		"time": "10:07:16"
	},
	{
		"args": 18,
		"date": "2026-08-02",
		"event": "Time_TicToc",
		"fps": 144.0,
		"frame": 2107,
		"frame_delta_ms": 6.94,
		"listener_method": "_showCount",
		"listener_obj": "Count",
		"listener_path": "/root/SecondLevel/HUD/Count",
		"sender_method": "_on_timer_timeout",
		"sender_obj": "GameInstance",
		"sender_path": "/root/GameInstance",
		"ticks_msec": 21282,
		"time": "10:07:16"
	},
	{
		"args": [
			"",
			"None"
		],
		"date": "2026-08-02",
		"event": "Movement_Changed",
		"fps": 144.0,
		"frame": 2254,
		"frame_delta_ms": 6.94,
		"listener_method": "on_MovementChanged",
		"listener_obj": "MovementMode",
		"listener_path": "/root/SecondLevel/HUD/MovementMode",
		"sender_method": "_on_character_movement_component_movementStateChanged",
		"sender_obj": "AnimationTree",
		"sender_path": "/root/SecondLevel/manequin2/AnimationTree",
		"ticks_msec": 22290,
		"time": "10:07:17"
	},
	{
		"args": [
			"",
			"None"
		],
		"date": "2026-08-02",
		"event": "Movement_Changed",
		"fps": 144.0,
		"frame": 2254,
		"frame_delta_ms": 6.94,
		"listener_method": "on_MovementChanged",
		"listener_obj": "DirectionMode",
		"listener_path": "/root/SecondLevel/HUD/DirectionMode",
		"sender_method": "_on_character_movement_component_movementStateChanged",
		"sender_obj": "AnimationTree",
		"sender_path": "/root/SecondLevel/manequin2/AnimationTree",
		"ticks_msec": 22290,
		"time": "10:07:17"
	},
	{
		"args": [
			"Idle",
			""
		],
		"date": "2026-08-02",
		"event": "Movement_Changed",
		"fps": 144.0,
		"frame": 2254,
		"frame_delta_ms": 6.94,
		"listener_method": "on_MovementChanged",
		"listener_obj": "MovementMode",
		"listener_path": "/root/SecondLevel/HUD/MovementMode",
		"sender_method": "_on_character_movement_component_movementStateChanged",
		"sender_obj": "AnimationTree",
		"sender_path": "/root/SecondLevel/manequin2/AnimationTree",
		"ticks_msec": 22291,
		"time": "10:07:17"
	},
	{
		"args": [
			"Idle",
			""
		],
		"date": "2026-08-02",
		"event": "Movement_Changed",
		"fps": 144.0,
		"frame": 2254,
		"frame_delta_ms": 6.94,
		"listener_method": "on_MovementChanged",
		"listener_obj": "DirectionMode",
		"listener_path": "/root/SecondLevel/HUD/DirectionMode",
		"sender_method": "_on_character_movement_component_movementStateChanged",
		"sender_obj": "AnimationTree",
		"sender_path": "/root/SecondLevel/manequin2/AnimationTree",
		"ticks_msec": 22291,
		"time": "10:07:17"
	},
	{
		"args": 19,
		"date": "2026-08-02",
		"event": "Time_TicToc",
		"fps": 144.0,
		"frame": 2254,
		"frame_delta_ms": 6.94,
		"listener_method": "_showHour",
		"listener_obj": "Hour",
		"listener_path": "/root/SecondLevel/HUD/Hour",
		"sender_method": "_on_timer_timeout",
		"sender_obj": "GameInstance",
		"sender_path": "/root/GameInstance",
		"ticks_msec": 22291,
		"time": "10:07:17"
	},
	{
		"args": 19,
		"date": "2026-08-02",
		"event": "Time_TicToc",
		"fps": 144.0,
		"frame": 2254,
		"frame_delta_ms": 6.94,
		"listener_method": "_showCount",
		"listener_obj": "Count",
		"listener_path": "/root/SecondLevel/HUD/Count",
		"sender_method": "_on_timer_timeout",
		"sender_obj": "GameInstance",
		"sender_path": "/root/GameInstance",
		"ticks_msec": 22291,
		"time": "10:07:17"
	},
	{
		"args": 20,
		"date": "2026-08-02",
		"event": "Time_TicToc",
		"fps": 135.0,
		"frame": 2392,
		"frame_delta_ms": 7.41,
		"listener_method": "_showHour",
		"listener_obj": "Hour",
		"listener_path": "/root/SecondLevel/HUD/Hour",
		"sender_method": "_on_timer_timeout",
		"sender_obj": "GameInstance",
		"sender_path": "/root/GameInstance",
		"ticks_msec": 23292,
		"time": "10:07:18"
	},
	{
		"args": 20,
		"date": "2026-08-02",
		"event": "Time_TicToc",
		"fps": 135.0,
		"frame": 2392,
		"frame_delta_ms": 7.41,
		"listener_method": "_showCount",
		"listener_obj": "Count",
		"listener_path": "/root/SecondLevel/HUD/Count",
		"sender_method": "_on_timer_timeout",
		"sender_obj": "GameInstance",
		"sender_path": "/root/GameInstance",
		"ticks_msec": 23292,
		"time": "10:07:18"
	},
	{
		"args": [
			"Idle",
			""
		],
		"date": "2026-08-02",
		"event": "Movement_Changed",
		"fps": 137.7,
		"frame": 2427,
		"frame_delta_ms": 7.26,
		"listener_method": "on_MovementChanged",
		"listener_obj": "MovementMode",
		"listener_path": "/root/SecondLevel/HUD/MovementMode",
		"sender_method": "_ready",
		"sender_obj": "manequin1",
		"sender_path": "/root/SecondLevel/manequin1",
		"ticks_msec": 23554,
		"time": "10:07:18"
	},
	{
		"args": [
			"Idle",
			""
		],
		"date": "2026-08-02",
		"event": "Movement_Changed",
		"fps": 137.7,
		"frame": 2427,
		"frame_delta_ms": 7.26,
		"listener_method": "on_MovementChanged",
		"listener_obj": "DirectionMode",
		"listener_path": "/root/SecondLevel/HUD/DirectionMode",
		"sender_method": "_ready",
		"sender_obj": "manequin1",
		"sender_path": "/root/SecondLevel/manequin1",
		"ticks_msec": 23554,
		"time": "10:07:18"
	},
	{
		"args": "FULL",
		"date": "2026-08-02",
		"event": "CameraMode_Changed",
		"fps": 137.7,
		"frame": 2427,
		"frame_delta_ms": 7.26,
		"listener_method": "on_cameraChanged",
		"listener_obj": "CameraMode",
		"listener_path": "/root/SecondLevel/HUD/CameraMode",
		"sender_method": "_ready",
		"sender_obj": "manequin1",
		"sender_path": "/root/SecondLevel/manequin1",
		"ticks_msec": 23555,
		"time": "10:07:18"
	},
	{
		"args": [
			"Idle",
			""
		],
		"date": "2026-08-02",
		"event": "Movement_Changed",
		"fps": 137.7,
		"frame": 2427,
		"frame_delta_ms": 7.26,
		"listener_method": "on_MovementChanged",
		"listener_obj": "MovementMode",
		"listener_path": "/root/SecondLevel/HUD/MovementMode",
		"sender_method": "_on_character_movement_component_movementStateChanged",
		"sender_obj": "AnimationTree",
		"sender_path": "/root/SecondLevel/manequin1/AnimationTree",
		"ticks_msec": 23555,
		"time": "10:07:18"
	},
	{
		"args": [
			"Idle",
			""
		],
		"date": "2026-08-02",
		"event": "Movement_Changed",
		"fps": 137.7,
		"frame": 2427,
		"frame_delta_ms": 7.26,
		"listener_method": "on_MovementChanged",
		"listener_obj": "DirectionMode",
		"listener_path": "/root/SecondLevel/HUD/DirectionMode",
		"sender_method": "_on_character_movement_component_movementStateChanged",
		"sender_obj": "AnimationTree",
		"sender_path": "/root/SecondLevel/manequin1/AnimationTree",
		"ticks_msec": 23556,
		"time": "10:07:18"
	},
	{
		"args": [
			"",
			"None"
		],
		"date": "2026-08-02",
		"event": "Movement_Changed",
		"fps": 89.4,
		"frame": 2428,
		"frame_delta_ms": 11.19,
		"listener_method": "on_MovementChanged",
		"listener_obj": "MovementMode",
		"listener_path": "/root/SecondLevel/HUD/MovementMode",
		"sender_method": "_on_character_movement_component_movementStateChanged",
		"sender_obj": "AnimationTree",
		"sender_path": "/root/SecondLevel/manequin1/AnimationTree",
		"ticks_msec": 23559,
		"time": "10:07:18"
	},
	{
		"args": [
			"",
			"None"
		],
		"date": "2026-08-02",
		"event": "Movement_Changed",
		"fps": 89.4,
		"frame": 2428,
		"frame_delta_ms": 11.19,
		"listener_method": "on_MovementChanged",
		"listener_obj": "DirectionMode",
		"listener_path": "/root/SecondLevel/HUD/DirectionMode",
		"sender_method": "_on_character_movement_component_movementStateChanged",
		"sender_obj": "AnimationTree",
		"sender_path": "/root/SecondLevel/manequin1/AnimationTree",
		"ticks_msec": 23559,
		"time": "10:07:18"
	},
	{
		"args": 21,
		"date": "2026-08-02",
		"event": "Time_TicToc",
		"fps": 140.0,
		"frame": 2529,
		"frame_delta_ms": 7.14,
		"listener_method": "_showHour",
		"listener_obj": "Hour",
		"listener_path": "/root/SecondLevel/HUD/Hour",
		"sender_method": "_on_timer_timeout",
		"sender_obj": "GameInstance",
		"sender_path": "/root/GameInstance",
		"ticks_msec": 24281,
		"time": "10:07:19"
	},
	{
		"args": 21,
		"date": "2026-08-02",
		"event": "Time_TicToc",
		"fps": 140.0,
		"frame": 2529,
		"frame_delta_ms": 7.14,
		"listener_method": "_showCount",
		"listener_obj": "Count",
		"listener_path": "/root/SecondLevel/HUD/Count",
		"sender_method": "_on_timer_timeout",
		"sender_obj": "GameInstance",
		"sender_path": "/root/GameInstance",
		"ticks_msec": 24282,
		"time": "10:07:19"
	},
	{
		"args": [
			"",
			"Backward"
		],
		"date": "2026-08-02",
		"event": "Movement_Changed",
		"fps": 140.0,
		"frame": 2616,
		"frame_delta_ms": 7.14,
		"listener_method": "on_MovementChanged",
		"listener_obj": "MovementMode",
		"listener_path": "/root/SecondLevel/HUD/MovementMode",
		"sender_method": "_on_character_movement_component_movementStateChanged",
		"sender_obj": "AnimationTree",
		"sender_path": "/root/SecondLevel/manequin1/AnimationTree",
		"ticks_msec": 24899,
		"time": "10:07:19"
	},
	{
		"args": [
			"",
			"Backward"
		],
		"date": "2026-08-02",
		"event": "Movement_Changed",
		"fps": 140.0,
		"frame": 2616,
		"frame_delta_ms": 7.14,
		"listener_method": "on_MovementChanged",
		"listener_obj": "DirectionMode",
		"listener_path": "/root/SecondLevel/HUD/DirectionMode",
		"sender_method": "_on_character_movement_component_movementStateChanged",
		"sender_obj": "AnimationTree",
		"sender_path": "/root/SecondLevel/manequin1/AnimationTree",
		"ticks_msec": 24899,
		"time": "10:07:19"
	},
	{
		"args": [
			"Runing",
			""
		],
		"date": "2026-08-02",
		"event": "Movement_Changed",
		"fps": 140.0,
		"frame": 2616,
		"frame_delta_ms": 7.14,
		"listener_method": "on_MovementChanged",
		"listener_obj": "MovementMode",
		"listener_path": "/root/SecondLevel/HUD/MovementMode",
		"sender_method": "_on_character_movement_component_movementStateChanged",
		"sender_obj": "AnimationTree",
		"sender_path": "/root/SecondLevel/manequin1/AnimationTree",
		"ticks_msec": 24899,
		"time": "10:07:19"
	},
	{
		"args": [
			"Runing",
			""
		],
		"date": "2026-08-02",
		"event": "Movement_Changed",
		"fps": 140.0,
		"frame": 2616,
		"frame_delta_ms": 7.14,
		"listener_method": "on_MovementChanged",
		"listener_obj": "DirectionMode",
		"listener_path": "/root/SecondLevel/HUD/DirectionMode",
		"sender_method": "_on_character_movement_component_movementStateChanged",
		"sender_obj": "AnimationTree",
		"sender_path": "/root/SecondLevel/manequin1/AnimationTree",
		"ticks_msec": 24899,
		"time": "10:07:19"
	},
	{
		"args": 22,
		"date": "2026-08-02",
		"event": "Time_TicToc",
		"fps": 140.0,
		"frame": 2669,
		"frame_delta_ms": 7.14,
		"listener_method": "_showHour",
		"listener_obj": "Hour",
		"listener_path": "/root/SecondLevel/HUD/Hour",
		"sender_method": "_on_timer_timeout",
		"sender_obj": "GameInstance",
		"sender_path": "/root/GameInstance",
		"ticks_msec": 25283,
		"time": "10:07:20"
	},
	{
		"args": 22,
		"date": "2026-08-02",
		"event": "Time_TicToc",
		"fps": 140.0,
		"frame": 2669,
		"frame_delta_ms": 7.14,
		"listener_method": "_showCount",
		"listener_obj": "Count",
		"listener_path": "/root/SecondLevel/HUD/Count",
		"sender_method": "_on_timer_timeout",
		"sender_obj": "GameInstance",
		"sender_path": "/root/GameInstance",
		"ticks_msec": 25283,
		"time": "10:07:20"
	},
	{
		"args": [
			"",
			"Forward"
		],
		"date": "2026-08-02",
		"event": "Movement_Changed",
		"fps": 140.0,
		"frame": 2701,
		"frame_delta_ms": 7.14,
		"listener_method": "on_MovementChanged",
		"listener_obj": "MovementMode",
		"listener_path": "/root/SecondLevel/HUD/MovementMode",
		"sender_method": "_on_character_movement_component_movementStateChanged",
		"sender_obj": "AnimationTree",
		"sender_path": "/root/SecondLevel/manequin1/AnimationTree",
		"ticks_msec": 25517,
		"time": "10:07:20"
	},
	{
		"args": [
			"",
			"Forward"
		],
		"date": "2026-08-02",
		"event": "Movement_Changed",
		"fps": 140.0,
		"frame": 2701,
		"frame_delta_ms": 7.14,
		"listener_method": "on_MovementChanged",
		"listener_obj": "DirectionMode",
		"listener_path": "/root/SecondLevel/HUD/DirectionMode",
		"sender_method": "_on_character_movement_component_movementStateChanged",
		"sender_obj": "AnimationTree",
		"sender_path": "/root/SecondLevel/manequin1/AnimationTree",
		"ticks_msec": 25517,
		"time": "10:07:20"
	},
	{
		"args": 23,
		"date": "2026-08-02",
		"event": "Time_TicToc",
		"fps": 140.0,
		"frame": 2809,
		"frame_delta_ms": 7.14,
		"listener_method": "_showHour",
		"listener_obj": "Hour",
		"listener_path": "/root/SecondLevel/HUD/Hour",
		"sender_method": "_on_timer_timeout",
		"sender_obj": "GameInstance",
		"sender_path": "/root/GameInstance",
		"ticks_msec": 26285,
		"time": "10:07:21"
	},
	{
		"args": 23,
		"date": "2026-08-02",
		"event": "Time_TicToc",
		"fps": 140.0,
		"frame": 2809,
		"frame_delta_ms": 7.14,
		"listener_method": "_showCount",
		"listener_obj": "Count",
		"listener_path": "/root/SecondLevel/HUD/Count",
		"sender_method": "_on_timer_timeout",
		"sender_obj": "GameInstance",
		"sender_path": "/root/GameInstance",
		"ticks_msec": 26286,
		"time": "10:07:21"
	},
	{
		"args": 23,
		"date": "2026-08-02",
		"event": "Time_TicToc",
		"fps": 150.0,
		"frame": 2926,
		"frame_delta_ms": 6.67,
		"listener_method": "_showHour",
		"listener_obj": "Hour",
		"listener_path": "/root/MainLevel/HUD/Hour",
		"sender_method": "_on_timer_timeout",
		"sender_obj": "GameInstance",
		"sender_path": "/root/GameInstance",
		"ticks_msec": 27138,
		"time": "10:07:21"
	},
	{
		"args": 23,
		"date": "2026-08-02",
		"event": "Time_TicToc",
		"fps": 150.0,
		"frame": 2926,
		"frame_delta_ms": 6.67,
		"listener_method": "_showCount",
		"listener_obj": "Count",
		"listener_path": "/root/MainLevel/HUD/Count",
		"sender_method": "_on_timer_timeout",
		"sender_obj": "GameInstance",
		"sender_path": "/root/GameInstance",
		"ticks_msec": 27138,
		"time": "10:07:21"
	},
	{
		"args": [
			"Falling",
			""
		],
		"date": "2026-08-02",
		"event": "Movement_Changed",
		"fps": 150.0,
		"frame": 2927,
		"frame_delta_ms": 6.67,
		"listener_method": "on_MovementChanged",
		"listener_obj": "MovementMode",
		"listener_path": "/root/MainLevel/HUD/MovementMode",
		"sender_method": "_on_character_movement_component_movementStateChanged",
		"sender_obj": "AnimationTree",
		"sender_path": "/root/MainLevel/manequin1/AnimationTree",
		"ticks_msec": 27142,
		"time": "10:07:21"
	},
	{
		"args": [
			"Falling",
			""
		],
		"date": "2026-08-02",
		"event": "Movement_Changed",
		"fps": 150.0,
		"frame": 2927,
		"frame_delta_ms": 6.67,
		"listener_method": "on_MovementChanged",
		"listener_obj": "DirectionMode",
		"listener_path": "/root/MainLevel/HUD/DirectionMode",
		"sender_method": "_on_character_movement_component_movementStateChanged",
		"sender_obj": "AnimationTree",
		"sender_path": "/root/MainLevel/manequin1/AnimationTree",
		"ticks_msec": 27142,
		"time": "10:07:21"
	},
	{
		"args": "LOW",
		"date": "2026-08-02",
		"event": "GraphicProfile_Changed",
		"fps": 34.1,
		"frame": 2927,
		"frame_delta_ms": 29.3,
		"listener_method": "on_graphicProfileChanged",
		"listener_obj": "GraphicProfile",
		"listener_path": "/root/MainLevel/HUD/GraphicProfile",
		"sender_method": "_configure_local_environment",
		"sender_obj": "WorldEnvironment",
		"sender_path": "/root/MainLevel/WorldEnvironment",
		"ticks_msec": 27143,
		"time": "10:07:21"
	},
	{
		"args": 24,
		"date": "2026-08-02",
		"event": "Time_TicToc",
		"fps": 60.0,
		"frame": 2934,
		"frame_delta_ms": 16.67,
		"listener_method": "_showHour",
		"listener_obj": "Hour",
		"listener_path": "/root/MainLevel/HUD/Hour",
		"sender_method": "_on_timer_timeout",
		"sender_obj": "GameInstance",
		"sender_path": "/root/GameInstance",
		"ticks_msec": 27287,
		"time": "10:07:22"
	},
	{
		"args": 24,
		"date": "2026-08-02",
		"event": "Time_TicToc",
		"fps": 60.0,
		"frame": 2934,
		"frame_delta_ms": 16.67,
		"listener_method": "_showCount",
		"listener_obj": "Count",
		"listener_path": "/root/MainLevel/HUD/Count",
		"sender_method": "_on_timer_timeout",
		"sender_obj": "GameInstance",
		"sender_path": "/root/GameInstance",
		"ticks_msec": 27287,
		"time": "10:07:22"
	},
	{
		"args": [
			"Runing",
			""
		],
		"date": "2026-08-02",
		"event": "Movement_Changed",
		"fps": 110.0,
		"frame": 2987,
		"frame_delta_ms": 9.09,
		"listener_method": "on_MovementChanged",
		"listener_obj": "MovementMode",
		"listener_path": "/root/MainLevel/HUD/MovementMode",
		"sender_method": "_on_character_movement_component_movementStateChanged",
		"sender_obj": "AnimationTree",
		"sender_path": "/root/MainLevel/manequin1/AnimationTree",
		"ticks_msec": 27786,
		"time": "10:07:22"
	},
	{
		"args": [
			"Runing",
			""
		],
		"date": "2026-08-02",
		"event": "Movement_Changed",
		"fps": 110.0,
		"frame": 2987,
		"frame_delta_ms": 9.09,
		"listener_method": "on_MovementChanged",
		"listener_obj": "DirectionMode",
		"listener_path": "/root/MainLevel/HUD/DirectionMode",
		"sender_method": "_on_character_movement_component_movementStateChanged",
		"sender_obj": "AnimationTree",
		"sender_path": "/root/MainLevel/manequin1/AnimationTree",
		"ticks_msec": 27786,
		"time": "10:07:22"
	},
	{
		"args": 25,
		"date": "2026-08-02",
		"event": "Time_TicToc",
		"fps": 110.0,
		"frame": 3047,
		"frame_delta_ms": 9.09,
		"listener_method": "_showHour",
		"listener_obj": "Hour",
		"listener_path": "/root/MainLevel/HUD/Hour",
		"sender_method": "_on_timer_timeout",
		"sender_obj": "GameInstance",
		"sender_path": "/root/GameInstance",
		"ticks_msec": 28293,
		"time": "10:07:23"
	},
	{
		"args": 25,
		"date": "2026-08-02",
		"event": "Time_TicToc",
		"fps": 110.0,
		"frame": 3047,
		"frame_delta_ms": 9.09,
		"listener_method": "_showCount",
		"listener_obj": "Count",
		"listener_path": "/root/MainLevel/HUD/Count",
		"sender_method": "_on_timer_timeout",
		"sender_obj": "GameInstance",
		"sender_path": "/root/GameInstance",
		"ticks_msec": 28293,
		"time": "10:07:23"
	},
	{
		"args": [
			"",
			"None"
		],
		"date": "2026-08-02",
		"event": "Movement_Changed",
		"fps": 113.7,
		"frame": 3066,
		"frame_delta_ms": 8.8,
		"listener_method": "on_MovementChanged",
		"listener_obj": "MovementMode",
		"listener_path": "/root/MainLevel/HUD/MovementMode",
		"sender_method": "_on_character_movement_component_movementStateChanged",
		"sender_obj": "AnimationTree",
		"sender_path": "/root/MainLevel/manequin1/AnimationTree",
		"ticks_msec": 28453,
		"time": "10:07:23"
	},
	{
		"args": [
			"",
			"None"
		],
		"date": "2026-08-02",
		"event": "Movement_Changed",
		"fps": 113.7,
		"frame": 3066,
		"frame_delta_ms": 8.8,
		"listener_method": "on_MovementChanged",
		"listener_obj": "DirectionMode",
		"listener_path": "/root/MainLevel/HUD/DirectionMode",
		"sender_method": "_on_character_movement_component_movementStateChanged",
		"sender_obj": "AnimationTree",
		"sender_path": "/root/MainLevel/manequin1/AnimationTree",
		"ticks_msec": 28454,
		"time": "10:07:23"
	},
	{
		"args": [
			"Idle",
			""
		],
		"date": "2026-08-02",
		"event": "Movement_Changed",
		"fps": 113.7,
		"frame": 3066,
		"frame_delta_ms": 8.8,
		"listener_method": "on_MovementChanged",
		"listener_obj": "MovementMode",
		"listener_path": "/root/MainLevel/HUD/MovementMode",
		"sender_method": "_on_character_movement_component_movementStateChanged",
		"sender_obj": "AnimationTree",
		"sender_path": "/root/MainLevel/manequin1/AnimationTree",
		"ticks_msec": 28454,
		"time": "10:07:23"
	},
	{
		"args": [
			"Idle",
			""
		],
		"date": "2026-08-02",
		"event": "Movement_Changed",
		"fps": 113.7,
		"frame": 3066,
		"frame_delta_ms": 8.8,
		"listener_method": "on_MovementChanged",
		"listener_obj": "DirectionMode",
		"listener_path": "/root/MainLevel/HUD/DirectionMode",
		"sender_method": "_on_character_movement_component_movementStateChanged",
		"sender_obj": "AnimationTree",
		"sender_path": "/root/MainLevel/manequin1/AnimationTree",
		"ticks_msec": 28454,
		"time": "10:07:23"
	}
]
[12:07:23.608] [INFO] [EventBus:<Node#80681633258>:213] FRAME : 3110 :  Cleared the historical list of events 
[12:07:23.608] [INFO] [EventBus:<Node#80681633258>:23] FRAME : 3110 :  Exited ... 
[12:07:23.608] [INFO] [GameInstance:<Node#81369499505>:85] FRAME : 3110 : Notification sent to :LevelManager
[12:07:23.608] [INFO] [LevelManager:<Node#81453385589>:18] FRAME : 3110 : Exited ...
[12:07:23.608] [INFO] [GameInstance:<Node#81369499505>:85] FRAME : 3110 : Notification sent to :DebugMenu
[12:07:23.608] [INFO] [GameInstance:<Node#81369499505>:85] FRAME : 3110 : Notification sent to :MainLevel
[12:07:23.608] [INFO] [GameMode.gd:11] FRAME : 3110 :  GameMode Exiting : MainLevel ... 
[12:07:23.608] [INFO] [GameMode.gd:15] FRAME : 3110 : Sending CLOSE_REQUEST NOTIFICATION TO ALL NODES : [PlayerStart:<Node3D#773798758407>, World:<Node3D#773815536014>, StaticBodies:<Node3D#773832312882>, Floor:<StaticBody3D#773849090436>, FloorMesh:<MeshInstance3D#773865867626>, FloorColisionShape:<CollisionShape3D#773882644486>, Walls:<Node3D#773899421708>, Wall1:<StaticBody3D#773916198992>, Wall1Mesh:<MeshInstance3D#773932976176>, Wall1CollisionShape:<CollisionShape3D#774117525536>, Wall2:<StaticBody3D#774134302835>, Wall2Mesh:<MeshInstance3D#774151079956>, Wall2CollisionShape:<CollisionShape3D#774167857268>, Wall3:<StaticBody3D#774184634485>, Wall3Mesh:<MeshInstance3D#774201411702>, Wall3CollisionShape:<CollisionShape3D#774218188919>, Wall4:<StaticBody3D#774234966136>, Wall4Mesh:<MeshInstance3D#774251743353>, Wall4CollisionShape:<CollisionShape3D#774268520570>, Platform:<Node3D#774285297787>, CentralCube:<StaticBody3D#774302074965>, CentralCubeMesh:<MeshInstance3D#774318852210>, CentralCubeCollisionShape:<CollisionShape3D#774335629437>, LateralCube:<StaticBody3D#774352406853>, LateralCubeMesh:<MeshInstance3D#774369183875>, LateralCubeCollisionShape:<CollisionShape3D#774385961098>, LastCube:<StaticBody3D#774402738249>, LastCubeMesh:<MeshInstance3D#774419515541>, LastCubeCollisionShape:<CollisionShape3D#774436292637>, Ramp1:<StaticBody3D#774453069993>, Ramp1Mesh:<MeshInstance3D#774469847201>, Ramp1CollisionShape:<CollisionShape3D#774486624352>, Ramp2:<StaticBody3D#774503401630>, Ramp2Mesh:<MeshInstance3D#774520178851>, Ramp2CollisionShape:<CollisionShape3D#774536956057>, SmallCubes:<Node3D#774553733409>, SmallCube1:<Node3D#774570510565>, SmallCube1Mesh:<MeshInstance3D#774587287783>, FollowingBodyMovementComponent:<FollowingBodyMovementComponent#774604064936>, RotatingMovementComponent:<RotatingMovementComponent#774620842154>, SmallCube2:<Node3D#774637619300>, SmallCube2Mesh:<MeshInstance3D#774654396722>, FollowingBodyMovementComponent:<FollowingBodyMovementComponent#774671173787>, SmallCube3:<Node3D#774687950924>, SmallCube3Mesh:<MeshInstance3D#774704728229>, FollowingBodyMovementComponent:<FollowingBodyMovementComponent#774721505434>, RandomMovementComponent:<RandomMovementComponent#774738282577>, RotatingPlatform1:<StaticBody3D#774771837099>, RotatingPlatform1Mesh:<MeshInstance3D#774788614243>, RotatingPlatform1CollisionShape:<CollisionShape3D#774805391532>, RotatingMovementComponent:<RotatingMovementComponent#774822168749>, RotatingPlatform2:<AnimatableBody3D#774838945893>, RotatingPlatform2Mesh:<MeshInstance3D#774855723240>, RotatingPlatform2CollisionShape:<CollisionShape3D#774872500511>, RotatingMovementComponent:<RotatingMovementComponent#774889277614>, RigidBodies:<Node3D#774906054831>, Ball1:<RigidBody3D#774922832048>, Ball1Mesh:<MeshInstance3D#774939609190>, Ball2CollisionShape:<CollisionShape3D#774956386537>, Ball2:<RigidBody3D#774973163785>, Ball2Mesh:<MeshInstance3D#774989940913>, Ball2CollisionShape:<CollisionShape3D#775006718130>, Ball3:<RigidBody3D#775023495347>, Ball3Mesh:<MeshInstance3D#775040272489>, Ball3CollisionShape:<CollisionShape3D#775057049834>, Cube 1:<RigidBody3D#775073827079>, Cube1Mesh:<MeshInstance3D#775090604212>, Cube1CollisionShape:<CollisionShape3D#775107381351>, Cube 2:<RigidBody3D#775124158568>, Cube2Mesh:<MeshInstance3D#775140935861>, Cube2CollisionShape:<CollisionShape3D#775157713078>, Cube 3:<RigidBody3D#775174490355>, Cube3Mesh:<MeshInstance3D#775191267511>, Cube3CollisionShape:<CollisionShape3D#775208044622>, Cube 4:<RigidBody3D#775224821944>, Cube4Mesh:<MeshInstance3D#775241599161>, Cube4CollisionShape:<CollisionShape3D#775258376301>, Cube 5:<RigidBody3D#775275153643>, Cube5Mesh:<MeshInstance3D#775291930865>, Cube5CollisionShape:<CollisionShape3D#775308708026>, BigBall1:<RigidBody3D#775325485162>, BigBall1Mesh:<MeshInstance3D#775342262346>, BigBall1CubeMesh:<MeshInstance3D#775359039552>, BigBall1RemoteTransform3D:<RemoteTransform3D#775375816891>, BigBall1CollisionShape:<CollisionShape3D#775392594027>, BigBall2:<RigidBody3D#775409371244>, BigBall2Mesh:<MeshInstance3D#775426148540>, BigBall2CubeMesh:<MeshInstance3D#775442925757>, BigBall2RemoteTransform3D:<RemoteTransform3D#775459702974>, BigBall2CollisionShape:<CollisionShape3D#775476480376>, NextLevelArea:<Area3D#775593920713>, NextLevelAreaMesh:<MeshInstance3D#775610697840>, NextLevelAreaCollisionShape:<CollisionShape3D#775627475182>, NextLevelAreaLabel:<Label3D#775644252520>, HUD:<Control#775661029578>, MovementMode:<Label#775694584011>, DirectionMode:<Label#775728138445>, CameraMode:<Label#775761692879>, GraphicProfile:<Label#775795247313>, FinalText:<Label#775828801747>, Hour:<Label#775862356181>, HourPrevText:<Label#775895910615>, Count:<Label#775929465049>, CountPrevText:<Label#775963019483>, DirectionalLight3D:<DirectionalLight3D#775996573917>, WorldEnvironment:<WorldEnvironment#776013351134>, manequin1:<CharacterBody3D#107374184733>, Armature:<Node3D#107390961950>, Skeleton3D:<Skeleton3D#107474848035>, Bone:<BoneAttachment3D#107541956903>, AssaultRifle1:<Area3D#104857602245>, Mesh:<MeshInstance3D#104874379462>, CollisionShape:<CollisionShape3D#105058928839>, RemoteTransform:<RemoteTransform3D#105075706056>, Beta_Joints:<MeshInstance3D#107491625252>, Beta_Surface:<MeshInstance3D#107508402469>, CollisionHull:<CollisionShape3D#107424516384>, WeaponHull:<CollisionShape3D#107558734120>, AnimationPlayer:<AnimationPlayer#107525179686>, AnimationTree:<AnimationTree#107458070818>, CameraController:<Node3D#107609065771>, SpringArm3D:<SpringArm3D#107625842988>, Camera3D:<Camera3D#107642620205>, CharacterMovementComponent:<CharacterMovementComponent#107676174639>]
[12:07:23.608] [INFO] [next_level.gd:5] FRAME : 3110 :  Exiting... NextLevelArea
[12:07:23.608] [INFO] [hud.gd:6] FRAME : 3110 :  Exiting... HUD
[12:07:23.608] [INFO] [movement_mode_label3d.gd:11] FRAME : 3110 :  Exiting... MovementMode
[12:07:23.608] [INFO] [direction_mode_label3d.gd:11] FRAME : 3110 :  Exiting... DirectionMode FRAME : 3110
[12:07:23.608] [INFO] [camera_mode_label3d.gd:11] FRAME : 3110 :  Exiting... CameraMode
[12:07:23.608] [INFO] [camera_mode_label3d.gd:11] FRAME : 3110 :  Exiting... GraphicProfile
[12:07:23.608] [INFO] [hour.gd:11] FRAME : 3110 :  Exiting... Hour
[12:07:23.608] [INFO] [count.gd:9] FRAME : 3110 :  Exiting... Count
[12:07:23.608] [INFO] [characters_controller.gd:21] Exiting manequin1 ...
[12:07:23.608] [INFO] [weapon.gd:17] FRAME : 3110 :  Exiting the weapon ... AssaultRifle1:<Area3D#104857602245>
[12:07:23.608] [INFO] [animations_controller.gd:7] Exiting the animation controller
[12:07:23.608] [INFO] [GameInstance:<Node#81369499505>:292] FRAME : 3110 : Last log: Freeing C++ Singleton memory
